stage,iteration,temperature,current_cost,new_cost,best_cost,current_distance,best_distance,accepted,reward,rem_idx,ins_idx,noise_idx,q_removed,unassigned,is_unvisited
stage1,1,218.89488301921673,3034.527420075382,3034.527420075382,3034.527420075382,3034.527420075382,3034.527420075382,1,0.0,0,0,1,7,0,1
stage1,2,218.89269407038654,3034.527420075382,3034.527420075382,3034.527420075382,3034.527420075382,3034.527420075382,1,0.0,1,0,0,8,0,0
stage1,3,218.89050514344584,3034.527420075382,2949.4195336082425,2949.4195336082425,2949.4195336082425,2949.4195336082425,1,0.02524185390900924,1,0,1,10,0,1
stage1,4,218.88831623839442,2949.4195336082425,2949.4195336082425,2949.4195336082425,2949.4195336082425,2949.4195336082425,1,0.0,2,0,0,7,0,0
stage1,5,218.88612735523205,2949.4195336082425,2883.379337305884,2883.379337305884,2883.379337305884,2883.379337305884,1,0.020151821738093045,0,0,1,5,0,1
stage1,6,218.8839384939585,2883.379337305884,2883.379337305884,2883.379337305884,2883.379337305884,2883.379337305884,1,0.0,1,0,1,10,0,0
stage1,7,218.88174965457358,2883.379337305884,2883.379337305884,2883.379337305884,2883.379337305884,2883.379337305884,1,0.0,0,0,0,10,0,0
stage1,8,218.87956083707704,2883.379337305884,2704.5677663304737,2704.5677663304737,2704.5677663304737,2704.5677663304737,1,0.055813125867870086,2,0,1,5,0,1
stage1,9,218.87737204146867,2704.5677663304737,2704.5677663304737,2704.5677663304737,2704.5677663304737,2704.5677663304737,1,0.0,2,0,0,5,0,0
stage1,10,218.87518326774827,2704.5677663304737,2704.5677663304737,2704.5677663304737,2704.5677663304737,2704.5677663304737,1,0.0,1,0,1,10,0,0
stage1,11,218.8729945159156,2704.5677663304737,2704.5677663304737,2704.5677663304737,2704.5677663304737,2704.5677663304737,1,0.0,0,0,0,8,0,0
stage1,12,218.87080578597045,2704.5677663304737,2704.5677663304737,2704.5677663304737,2704.5677663304737,2704.5677663304737,1,0.0,2,0,1,6,0,0
stage1,13,218.8686170779126,2704.5677663304737,2704.5677663304737,2704.5677663304737,2704.5677663304737,2704.5677663304737,1,0.0,0,0,0,11,0,0
stage1,14,218.86642839174183,2704.5677663304737,2704.5677663304737,2704.5677663304737,2704.5677663304737,2704.5677663304737,1,0.0,1,0,1,7,0,0
stage1,15,218.8642397274579,2704.5677663304737,2704.5677663304737,2704.5677663304737,2704.5677663304737,2704.5677663304737,1,0.0,1,0,0,8,0,0
stage1,16,218.86205108506064,2704.5677663304737,2704.5677663304737,2704.5677663304737,2704.5677663304737,2704.5677663304737,1,0.0,2,0,1,9,0,0
stage1,17,218.8598624645498,2704.5677663304737,2704.5677663304737,2704.5677663304737,2704.5677663304737,2704.5677663304737,1,0.0,0,0,0,5,0,0
stage1,18,218.85767386592516,2704.5677663304737,2705.936529350323,2704.5677663304737,2705.936529350323,2704.5677663304737,1,-0.0004554837683123393,2,0,1,4,0,1
stage1,19,218.8554852891865,2705.936529350323,2705.936529350323,2704.5677663304737,2705.936529350323,2704.5677663304737,1,0.0,0,0,0,9,0,0
stage1,20,218.8532967343336,2705.936529350323,2705.936529350323,2704.5677663304737,2705.936529350323,2704.5677663304737,1,0.0,1,0,1,9,0,0
stage1,21,218.8511082013663,2705.936529350323,2704.5677663304737,2704.5677663304737,2704.5677663304737,2704.5677663304737,1,0.00045525336773514716,2,0,1,7,0,0
stage1,22,218.84891969028428,2704.5677663304737,2704.5677663304737,2704.5677663304737,2704.5677663304737,2704.5677663304737,1,0.0,0,0,0,11,0,0
stage1,23,218.84673120108738,2704.5677663304737,2704.5677663304737,2704.5677663304737,2704.5677663304737,2704.5677663304737,1,0.0,1,0,1,7,0,0
stage1,24,218.84454273377537,2704.5677663304737,2704.5677663304737,2704.5677663304737,2704.5677663304737,2704.5677663304737,1,0.0,2,0,0,12,0,0
stage1,25,218.84235428834805,2704.5677663304737,2704.5677663304737,2704.5677663304737,2704.5677663304737,2704.5677663304737,1,0.0,0,0,1,4,0,0
stage1,26,218.8401658648052,2704.5677663304737,2704.5677663304737,2704.5677663304737,2704.5677663304737,2704.5677663304737,1,0.0,1,0,0,8,0,0
stage1,27,218.83797746314656,2704.5677663304737,2704.5677663304737,2704.5677663304737,2704.5677663304737,2704.5677663304737,1,0.0,0,0,1,11,0,0
stage1,28,218.83578908337194,2704.5677663304737,2704.5677663304737,2704.5677663304737,2704.5677663304737,2704.5677663304737,1,0.0,2,0,0,5,0,0
stage1,29,218.83360072548112,2704.5677663304737,2704.5677663304737,2704.5677663304737,2704.5677663304737,2704.5677663304737,1,0.0,1,0,1,12,0,0
stage1,30,218.83141238947388,2704.5677663304737,2704.5677663304737,2704.5677663304737,2704.5677663304737,2704.5677663304737,1,0.0,2,0,0,7,0,0
stage1,31,218.82922407535,2704.5677663304737,2704.5677663304737,2704.5677663304737,2704.5677663304737,2704.5677663304737,1,0.0,0,0,1,5,0,0
stage1,32,218.82703578310927,2704.5677663304737,2704.5677663304737,2704.5677663304737,2704.5677663304737,2704.5677663304737,1,0.0,1,0,0,4,0,0
stage1,33,218.82484751275143,2704.5677663304737,2704.5677663304737,2704.5677663304737,2704.5677663304737,2704.5677663304737,1,0.0,2,0,1,7,0,0
stage1,34,218.82265926427633,2704.5677663304737,2704.5677663304737,2704.5677663304737,2704.5677663304737,2704.5677663304737,1,0.0,0,0,0,11,0,0
stage1,35,218.8204710376837,2704.5677663304737,2704.5677663304737,2704.5677663304737,2704.5677663304737,2704.5677663304737,1,0.0,1,0,1,7,0,0
stage1,36,218.81828283297332,2704.5677663304737,2704.5677663304737,2704.5677663304737,2704.5677663304737,2704.5677663304737,1,0.0,0,0,0,4,0,0
stage1,37,218.816094650145,2704.5677663304737,2704.5677663304737,2704.5677663304737,2704.5677663304737,2704.5677663304737,1,0.0,2,0,1,12,0,0
stage1,38,218.8139064891985,2704.5677663304737,2704.5677663304737,2704.5677663304737,2704.5677663304737,2704.5677663304737,1,0.0,1,0,0,12,0,0
stage1,39,218.81171835013362,2704.5677663304737,2705.936529350323,2704.5677663304737,2705.936529350323,2704.5677663304737,1,-0.0004554837683123393,2,0,1,12,0,0
stage1,40,218.80953023295012,2705.936529350323,2704.5677663304737,2704.5677663304737,2704.5677663304737,2704.5677663304737,1,0.00045525336773514716,0,0,0,10,0,0
stage1,41,218.8073421376478,2704.5677663304737,2704.5677663304737,2704.5677663304737,2704.5677663304737,2704.5677663304737,1,0.0,1,0,1,5,0,0
stage1,42,218.80515406422643,2704.5677663304737,2704.5677663304737,2704.5677663304737,2704.5677663304737,2704.5677663304737,1,0.0,2,0,0,10,0,0
stage1,43,218.8029660126858,2704.5677663304737,2704.5677663304737,2704.5677663304737,2704.5677663304737,2704.5677663304737,1,0.0,0,0,1,9,0,0
stage1,44,218.80077798302568,2704.5677663304737,2704.5677663304737,2704.5677663304737,2704.5677663304737,2704.5677663304737,1,0.0,1,0,0,9,0,0
stage1,45,218.79858997524587,2704.5677663304737,2704.5677663304737,2704.5677663304737,2704.5677663304737,2704.5677663304737,1,0.0,2,0,1,12,0,0
stage1,46,218.79640198934612,2704.5677663304737,2704.5677663304737,2704.5677663304737,2704.5677663304737,2704.5677663304737,1,0.0,0,0,0,11,0,0
stage1,47,218.79421402532623,2704.5677663304737,502610.9780796214,2704.5677663304737,2704.5677663304737,2704.5677663304737,0,-36.948057993262225,1,0,1,12,0,1
stage1,48,218.792026083186,2704.5677663304737,2704.5677663304737,2704.5677663304737,2704.5677663304737,2704.5677663304737,1,0.0,2,0,0,6,0,0
stage1,49,218.78983816292518,2704.5677663304737,2704.5677663304737,2704.5677663304737,2704.5677663304737,2704.5677663304737,1,0.0,0,0,0,6,0,0
stage1,50,218.78765026454357,2704.5677663304737,2704.5677663304737,2704.5677663304737,2704.5677663304737,2704.5677663304737,1,0.0,2,0,0,10,0,0
stage1,51,218.78546238804094,2704.5677663304737,2704.5677663304737,2704.5677663304737,2704.5677663304737,2704.5677663304737,1,0.0,0,0,0,4,0,0
stage1,52,218.78327453341706,2704.5677663304737,2704.5677663304737,2704.5677663304737,2704.5677663304737,2704.5677663304737,1,0.0,2,0,0,5,0,0
stage1,53,218.78108670067172,2704.5677663304737,2704.5677663304737,2704.5677663304737,2704.5677663304737,2704.5677663304737,1,0.0,0,0,0,12,0,0
stage1,54,218.77889888980474,2704.5677663304737,2704.5677663304737,2704.5677663304737,2704.5677663304737,2704.5677663304737,1,0.0,2,0,0,7,0,0
stage1,55,218.77671110081585,2704.5677663304737,2704.5677663304737,2704.5677663304737,2704.5677663304737,2704.5677663304737,1,0.0,0,0,0,5,0,0
stage1,56,218.77452333370485,2704.5677663304737,2704.5677663304737,2704.5677663304737,2704.5677663304737,2704.5677663304737,1,0.0,2,0,0,12,0,0
stage1,57,218.77233558847152,2704.5677663304737,2704.5677663304737,2704.5677663304737,2704.5677663304737,2704.5677663304737,1,0.0,0,0,0,9,0,0
stage1,58,218.77014786511563,2704.5677663304737,2704.5677663304737,2704.5677663304737,2704.5677663304737,2704.5677663304737,1,0.0,2,0,0,12,0,0
stage1,59,218.76796016363699,2704.5677663304737,2704.5677663304737,2704.5677663304737,2704.5677663304737,2704.5677663304737,1,0.0,0,0,0,10,0,0
stage1,60,218.76577248403535,2704.5677663304737,2704.5677663304737,2704.5677663304737,2704.5677663304737,2704.5677663304737,1,0.0,2,0,0,4,0,0
stage1,61,218.76358482631053,2704.5677663304737,2704.5677663304737,2704.5677663304737,2704.5677663304737,2704.5677663304737,1,0.0,0,0,0,5,0,0
stage1,62,218.76139719046228,2704.5677663304737,2704.5677663304737,2704.5677663304737,2704.5677663304737,2704.5677663304737,1,0.0,2,0,0,4,0,0
stage1,63,218.75920957649038,2704.5677663304737,2704.5677663304737,2704.5677663304737,2704.5677663304737,2704.5677663304737,1,0.0,0,0,0,8,0,0
stage1,64,218.7570219843946,2704.5677663304737,2704.5677663304737,2704.5677663304737,2704.5677663304737,2704.5677663304737,1,0.0,2,0,0,9,0,0
stage1,65,218.75483441417478,2704.5677663304737,2704.5677663304737,2704.5677663304737,2704.5677663304737,2704.5677663304737,1,0.0,0,0,1,6,0,0
stage1,66,218.75264686583066,2704.5677663304737,2704.5677663304737,2704.5677663304737,2704.5677663304737,2704.5677663304737,1,0.0,2,0,0,6,0,0
stage1,67,218.750459339362,2704.5677663304737,2704.5677663304737,2704.5677663304737,2704.5677663304737,2704.5677663304737,1,0.0,0,0,0,11,0,0
stage1,68,218.74827183476862,2704.5677663304737,2704.5677663304737,2704.5677663304737,2704.5677663304737,2704.5677663304737,1,0.0,2,0,0,4,0,0
stage1,69,218.74608435205027,2704.5677663304737,2704.5677663304737,2704.5677663304737,2704.5677663304737,2704.5677663304737,1,0.0,0,0,0,5,0,0
stage1,70,218.74389689120676,2704.5677663304737,2704.5677663304737,2704.5677663304737,2704.5677663304737,2704.5677663304737,1,0.0,2,0,0,4,0,0
stage1,71,218.74170945223787,2704.5677663304737,2704.5677663304737,2704.5677663304737,2704.5677663304737,2704.5677663304737,1,0.0,0,0,0,5,0,0
stage1,72,218.73952203514335,2704.5677663304737,2704.5677663304737,2704.5677663304737,2704.5677663304737,2704.5677663304737,1,0.0,2,0,0,11,0,0
stage1,73,218.737334639923,2704.5677663304737,2704.5677663304737,2704.5677663304737,2704.5677663304737,2704.5677663304737,1,0.0,0,0,0,6,0,0
stage1,74,218.7351472665766,2704.5677663304737,2704.5677663304737,2704.5677663304737,2704.5677663304737,2704.5677663304737,1,0.0,2,0,0,6,0,0
stage1,75,218.73295991510395,2704.5677663304737,2704.5677663304737,2704.5677663304737,2704.5677663304737,2704.5677663304737,1,0.0,0,0,0,12,0,0
stage1,76,218.7307725855048,2704.5677663304737,2704.5677663304737,2704.5677663304737,2704.5677663304737,2704.5677663304737,1,0.0,2,0,0,5,0,0
stage1,77,218.72858527777896,2704.5677663304737,2704.5677663304737,2704.5677663304737,2704.5677663304737,2704.5677663304737,1,0.0,0,0,0,6,0,0
stage1,78,218.7263979919262,2704.5677663304737,2704.5677663304737,2704.5677663304737,2704.5677663304737,2704.5677663304737,1,0.0,2,0,0,11,0,0
stage1,79,218.72421072794629,2704.5677663304737,2704.5677663304737,2704.5677663304737,2704.5677663304737,2704.5677663304737,1,0.0,0,0,0,11,0,0
stage1,80,218.722023485839,2704.5677663304737,2704.5677663304737,2704.5677663304737,2704.5677663304737,2704.5677663304737,1,0.0,2,0,0,11,0,0
stage1,81,218.71983626560416,2704.5677663304737,2704.5677663304737,2704.5677663304737,2704.5677663304737,2704.5677663304737,1,0.0,0,0,0,9,0,0
stage1,82,218.71764906724152,2704.5677663304737,2704.5677663304737,2704.5677663304737,2704.5677663304737,2704.5677663304737,1,0.0,0,0,0,9,0,0
stage1,83,218.71546189075087,2704.5677663304737,2704.5677663304737,2704.5677663304737,2704.5677663304737,2704.5677663304737,1,0.0,2,0,0,4,0,0
stage1,84,218.71327473613198,2704.5677663304737,2704.5677663304737,2704.5677663304737,2704.5677663304737,2704.5677663304737,1,0.0,2,0,0,8,0,0
stage1,85,218.71108760338464,2704.5677663304737,2704.5677663304737,2704.5677663304737,2704.5677663304737,2704.5677663304737,1,0.0,0,0,0,8,0,0
stage1,86,218.7089004925086,2704.5677663304737,2704.5677663304737,2704.5677663304737,2704.5677663304737,2704.5677663304737,1,0.0,2,0,0,5,0,0
stage1,87,218.7067134035037,2704.5677663304737,2704.5677663304737,2704.5677663304737,2704.5677663304737,2704.5677663304737,1,0.0,1,0,0,8,0,0
stage1,88,218.70452633636967,2704.5677663304737,2704.5677663304737,2704.5677663304737,2704.5677663304737,2704.5677663304737,1,0.0,0,0,0,11,0,0
stage1,89,218.7023392911063,2704.5677663304737,2704.5677663304737,2704.5677663304737,2704.5677663304737,2704.5677663304737,1,0.0,2,0,1,12,0,0
stage1,90,218.7001522677134,2704.5677663304737,2704.5677663304737,2704.5677663304737,2704.5677663304737,2704.5677663304737,1,0.0,0,0,0,6,0,0
stage1,91,218.69796526619075,2704.5677663304737,2704.5677663304737,2704.5677663304737,2704.5677663304737,2704.5677663304737,1,0.0,2,0,0,9,0,0
stage1,92,218.6957782865381,2704.5677663304737,2704.5677663304737,2704.5677663304737,2704.5677663304737,2704.5677663304737,1,0.0,0,0,0,5,0,0
stage1,93,218.69359132875522,2704.5677663304737,2704.5677663304737,2704.5677663304737,2704.5677663304737,2704.5677663304737,1,0.0,2,0,0,8,0,0
stage1,94,218.69140439284195,2704.5677663304737,2704.5677663304737,2704.5677663304737,2704.5677663304737,2704.5677663304737,1,0.0,0,0,0,9,0,0
stage1,95,218.689217478798,2704.5677663304737,2704.5677663304737,2704.5677663304737,2704.5677663304737,2704.5677663304737,1,0.0,2,0,0,9,0,0
stage1,96,218.68703058662322,2704.5677663304737,2704.5677663304737,2704.5677663304737,2704.5677663304737,2704.5677663304737,1,0.0,0,0,0,8,0,0
stage1,97,218.68484371631737,2704.5677663304737,2704.5677663304737,2704.5677663304737,2704.5677663304737,2704.5677663304737,1,0.0,2,0,0,5,0,0
stage1,98,218.6826568678802,2704.5677663304737,2704.5677663304737,2704.5677663304737,2704.5677663304737,2704.5677663304737,1,0.0,0,0,0,10,0,0
stage1,99,218.68047004131154,2704.5677663304737,2704.5677663304737,2704.5677663304737,2704.5677663304737,2704.5677663304737,1,0.0,2,0,0,8,0,0
stage1,100,218.67828323661112,2704.5677663304737,2704.5677663304737,2704.5677663304737,2704.5677663304737,2704.5677663304737,1,0.0,0,0,0,9,0,0
stage1,101,218.67609645377877,2704.5677663304737,2704.5677663304737,2704.5677663304737,2704.5677663304737,2704.5677663304737,1,0.0,2,0,0,4,0,0
stage1,102,218.67390969281425,2704.5677663304737,2704.5677663304737,2704.5677663304737,2704.5677663304737,2704.5677663304737,1,0.0,0,0,0,8,0,0
stage1,103,218.67172295371734,2704.5677663304737,2704.5677663304737,2704.5677663304737,2704.5677663304737,2704.5677663304737,1,0.0,2,0,0,9,0,0
stage1,104,218.6695362364878,2704.5677663304737,2704.5677663304737,2704.5677663304737,2704.5677663304737,2704.5677663304737,1,0.0,0,0,0,10,0,0
stage1,105,218.66734954112545,2704.5677663304737,2704.5677663304737,2704.5677663304737,2704.5677663304737,2704.5677663304737,1,0.0,2,0,0,11,0,0
stage1,106,218.66516286763004,2704.5677663304737,2704.5677663304737,2704.5677663304737,2704.5677663304737,2704.5677663304737,1,0.0,0,0,0,10,0,0
stage1,107,218.66297621600137,2704.5677663304737,2704.5677663304737,2704.5677663304737,2704.5677663304737,2704.5677663304737,1,0.0,2,0,0,12,0,0
stage1,108,218.66078958623922,2704.5677663304737,2704.5677663304737,2704.5677663304737,2704.5677663304737,2704.5677663304737,1,0.0,0,0,0,6,0,0
stage1,109,218.65860297834337,2704.5677663304737,2704.5677663304737,2704.5677663304737,2704.5677663304737,2704.5677663304737,1,0.0,2,0,0,9,0,0
stage1,110,218.6564163923136,2704.5677663304737,2704.5677663304737,2704.5677663304737,2704.5677663304737,2704.5677663304737,1,0.0,0,0,0,10,0,0
stage1,111,218.65422982814968,2704.5677663304737,2704.5677663304737,2704.5677663304737,2704.5677663304737,2704.5677663304737,1,0.0,2,0,0,7,0,0
stage1,112,218.65204328585142,2704.5677663304737,2704.5677663304737,2704.5677663304737,2704.5677663304737,2704.5677663304737,1,0.0,2,0,0,4,0,0
stage1,113,218.64985676541858,2704.5677663304737,2704.5677663304737,2704.5677663304737,2704.5677663304737,2704.5677663304737,1,0.0,0,0,0,4,0,0
stage1,114,218.64767026685092,2704.5677663304737,2704.5677663304737,2704.5677663304737,2704.5677663304737,2704.5677663304737,1,0.0,0,0,0,10,0,0
stage1,115,218.64548379014826,2704.5677663304737,2704.5677663304737,2704.5677663304737,2704.5677663304737,2704.5677663304737,1,0.0,2,0,0,11,0,0
stage1,116,218.64329733531036,2704.5677663304737,2704.5677663304737,2704.5677663304737,2704.5677663304737,2704.5677663304737,1,0.0,0,0,0,5,0,0
stage1,117,218.64111090233703,2704.5677663304737,2704.5677663304737,2704.5677663304737,2704.5677663304737,2704.5677663304737,1,0.0,2,0,0,8,0,0
stage1,118,218.638924491228,2704.5677663304737,2704.5677663304737,2704.5677663304737,2704.5677663304737,2704.5677663304737,1,0.0,0,0,0,5,0,0
stage1,119,218.6367381019831,2704.5677663304737,2704.5677663304737,2704.5677663304737,2704.5677663304737,2704.5677663304737,1,0.0,2,0,0,7,0,0
stage1,120,218.6345517346021,2704.5677663304737,2704.5677663304737,2704.5677663304737,2704.5677663304737,2704.5677663304737,1,0.0,0,0,0,11,0,0
stage1,121,218.63236538908475,2704.5677663304737,2704.5677663304737,2704.5677663304737,2704.5677663304737,2704.5677663304737,1,0.0,2,0,0,4,0,0
stage1,122,218.63017906543087,2704.5677663304737,2704.5677663304737,2704.5677663304737,2704.5677663304737,2704.5677663304737,1,0.0,0,0,0,11,0,0
stage1,123,218.6279927636402,2704.5677663304737,2704.5677663304737,2704.5677663304737,2704.5677663304737,2704.5677663304737,1,0.0,2,0,0,6,0,0
stage1,124,218.62580648371258,2704.5677663304737,2704.5677663304737,2704.5677663304737,2704.5677663304737,2704.5677663304737,1,0.0,0,0,0,8,0,0
stage1,125,218.62362022564776,2704.5677663304737,2704.5677663304737,2704.5677663304737,2704.5677663304737,2704.5677663304737,1,0.0,2,0,0,5,0,0
stage1,126,218.6214339894455,2704.5677663304737,2704.5677663304737,2704.5677663304737,2704.5677663304737,2704.5677663304737,1,0.0,0,0,0,8,0,0
stage1,127,218.61924777510563,2704.5677663304737,2704.5677663304737,2704.5677663304737,2704.5677663304737,2704.5677663304737,1,0.0,2,0,0,6,0,0
stage1,128,218.61706158262788,2704.5677663304737,2704.5677663304737,2704.5677663304737,2704.5677663304737,2704.5677663304737,1,0.0,0,0,0,7,0,0
stage1,129,218.61487541201205,2704.5677663304737,2704.5677663304737,2704.5677663304737,2704.5677663304737,2704.5677663304737,1,0.0,2,0,0,12,0,0
stage1,130,218.61268926325795,2704.5677663304737,2704.5677663304737,2704.5677663304737,2704.5677663304737,2704.5677663304737,1,0.0,0,0,0,6,0,0
stage1,131,218.61050313636534,2704.5677663304737,2704.5677663304737,2704.5677663304737,2704.5677663304737,2704.5677663304737,1,0.0,2,0,0,11,0,0
stage1,132,218.608317031334,2704.5677663304737,2704.5677663304737,2704.5677663304737,2704.5677663304737,2704.5677663304737,1,0.0,1,0,0,12,0,0
stage1,133,218.6061309481637,2704.5677663304737,2704.5677663304737,2704.5677663304737,2704.5677663304737,2704.5677663304737,1,0.0,0,0,0,11,0,0
stage1,134,218.60394488685424,2704.5677663304737,2704.5677663304737,2704.5677663304737,2704.5677663304737,2704.5677663304737,1,0.0,2,0,0,5,0,0
stage1,135,218.60175884740536,2704.5677663304737,2704.5677663304737,2704.5677663304737,2704.5677663304737,2704.5677663304737,1,0.0,0,0,0,11,0,0
stage1,136,218.5995728298169,2704.5677663304737,2704.5677663304737,2704.5677663304737,2704.5677663304737,2704.5677663304737,1,0.0,2,0,0,12,0,0
stage1,137,218.5973868340886,2704.5677663304737,2704.5677663304737,2704.5677663304737,2704.5677663304737,2704.5677663304737,1,0.0,0,0,0,6,0,0
stage1,138,218.59520086022027,2704.5677663304737,2704.5677663304737,2704.5677663304737,2704.5677663304737,2704.5677663304737,1,0.0,2,0,0,12,0,0
stage1,139,218.59301490821167,2704.5677663304737,2704.5677663304737,2704.5677663304737,2704.5677663304737,2704.5677663304737,1,0.0,0,0,0,7,0,0
stage1,140,218.5908289780626,2704.5677663304737,2704.5677663304737,2704.5677663304737,2704.5677663304737,2704.5677663304737,1,0.0,2,0,0,8,0,0
stage1,141,218.58864306977284,2704.5677663304737,2704.5677663304737,2704.5677663304737,2704.5677663304737,2704.5677663304737,1,0.0,0,0,0,4,0,0
stage1,142,218.58645718334216,2704.5677663304737,2704.5677663304737,2704.5677663304737,2704.5677663304737,2704.5677663304737,1,0.0,2,0,0,7,0,0
stage1,143,218.58427131877033,2704.5677663304737,2704.5677663304737,2704.5677663304737,2704.5677663304737,2704.5677663304737,1,0.0,0,0,0,11,0,0
stage1,144,218.58208547605716,2704.5677663304737,2704.5677663304737,2704.5677663304737,2704.5677663304737,2704.5677663304737,1,0.0,2,0,0,10,0,0
stage1,145,218.5798996552024,2704.5677663304737,2704.5677663304737,2704.5677663304737,2704.5677663304737,2704.5677663304737,1,0.0,0,0,0,9,0,0
stage1,146,218.57771385620586,2704.5677663304737,2704.5677663304737,2704.5677663304737,2704.5677663304737,2704.5677663304737,1,0.0,2,0,0,4,0,0
stage1,147,218.5755280790673,2704.5677663304737,2704.5677663304737,2704.5677663304737,2704.5677663304737,2704.5677663304737,1,0.0,2,0,0,4,0,0
stage1,148,218.57334232378653,2704.5677663304737,2704.5677663304737,2704.5677663304737,2704.5677663304737,2704.5677663304737,1,0.0,2,0,0,4,0,0
stage1,149,218.5711565903633,2704.5677663304737,2704.5677663304737,2704.5677663304737,2704.5677663304737,2704.5677663304737,1,0.0,0,0,0,6,0,0
stage1,150,218.56897087879742,2704.5677663304737,2704.5677663304737,2704.5677663304737,2704.5677663304737,2704.5677663304737,1,0.0,0,0,0,10,0,0
stage1,151,218.56678518908865,2704.5677663304737,2704.5677663304737,2704.5677663304737,2704.5677663304737,2704.5677663304737,1,0.0,0,0,0,4,0,0
stage1,152,218.56459952123677,2704.5677663304737,2704.5677663304737,2704.5677663304737,2704.5677663304737,2704.5677663304737,1,0.0,2,0,0,5,0,0
stage1,153,218.56241387524156,2704.5677663304737,2704.5677663304737,2704.5677663304737,2704.5677663304737,2704.5677663304737,1,0.0,0,0,0,11,0,0
stage1,154,218.5602282511028,2704.5677663304737,2704.5677663304737,2704.5677663304737,2704.5677663304737,2704.5677663304737,1,0.0,2,0,0,10,0,0
stage1,155,218.5580426488203,2704.5677663304737,2704.5677663304737,2704.5677663304737,2704.5677663304737,2704.5677663304737,1,0.0,0,0,0,9,0,0
stage1,156,218.55585706839383,2704.5677663304737,2704.5677663304737,2704.5677663304737,2704.5677663304737,2704.5677663304737,1,0.0,2,0,0,4,0,0
stage1,157,218.55367150982315,2704.5677663304737,2704.5677663304737,2704.5677663304737,2704.5677663304737,2704.5677663304737,1,0.0,0,0,0,10,0,0
stage1,158,218.55148597310807,2704.5677663304737,2704.5677663304737,2704.5677663304737,2704.5677663304737,2704.5677663304737,1,0.0,2,0,0,10,0,0
stage1,159,218.54930045824835,2704.5677663304737,2704.5677663304737,2704.5677663304737,2704.5677663304737,2704.5677663304737,1,0.0,1,0,0,9,0,0
stage1,160,218.5471149652438,2704.5677663304737,2704.5677663304737,2704.5677663304737,2704.5677663304737,2704.5677663304737,1,0.0,0,0,0,5,0,0
stage1,161,218.54492949409416,2704.5677663304737,2704.5677663304737,2704.5677663304737,2704.5677663304737,2704.5677663304737,1,0.0,2,0,0,6,0,0
stage1,162,218.54274404479924,2704.5677663304737,2704.5677663304737,2704.5677663304737,2704.5677663304737,2704.5677663304737,1,0.0,0,0,0,6,0,0
stage1,163,218.54055861735878,2704.5677663304737,2704.5677663304737,2704.5677663304737,2704.5677663304737,2704.5677663304737,1,0.0,2,0,0,8,0,0
stage1,164,218.5383732117726,2704.5677663304737,2704.5677663304737,2704.5677663304737,2704.5677663304737,2704.5677663304737,1,0.0,0,0,0,6,0,0
stage1,165,218.5361878280405,2704.5677663304737,2704.5677663304737,2704.5677663304737,2704.5677663304737,2704.5677663304737,1,0.0,2,0,0,5,0,0
stage1,166,218.53400246616224,2704.5677663304737,2704.5677663304737,2704.5677663304737,2704.5677663304737,2704.5677663304737,1,0.0,0,0,0,10,0,0
stage1,167,218.53181712613758,2704.5677663304737,2704.5677663304737,2704.5677663304737,2704.5677663304737,2704.5677663304737,1,0.0,2,0,0,12,0,0
stage1,168,218.52963180796633,2704.5677663304737,2704.5677663304737,2704.5677663304737,2704.5677663304737,2704.5677663304737,1,0.0,0,0,0,7,0,0
stage1,169,218.52744651164826,2704.5677663304737,2704.5677663304737,2704.5677663304737,2704.5677663304737,2704.5677663304737,1,0.0,2,0,0,12,0,0
stage1,170,218.52526123718314,2704.5677663304737,2704.5677663304737,2704.5677663304737,2704.5677663304737,2704.5677663304737,1,0.0,0,0,0,11,0,0
stage1,171,218.5230759845708,2704.5677663304737,2704.5677663304737,2704.5677663304737,2704.5677663304737,2704.5677663304737,1,0.0,2,0,0,7,0,0
stage1,172,218.52089075381096,2704.5677663304737,2704.5677663304737,2704.5677663304737,2704.5677663304737,2704.5677663304737,1,0.0,0,0,0,7,0,0
stage1,173,218.51870554490344,2704.5677663304737,2704.5677663304737,2704.5677663304737,2704.5677663304737,2704.5677663304737,1,0.0,2,0,0,5,0,0
stage1,174,218.516520357848,2704.5677663304737,2704.5677663304737,2704.5677663304737,2704.5677663304737,2704.5677663304737,1,0.0,0,0,0,9,0,0
stage1,175,218.51433519264444,2704.5677663304737,2704.5677663304737,2704.5677663304737,2704.5677663304737,2704.5677663304737,1,0.0,2,0,0,8,0,0
stage1,176,218.51215004929253,2704.5677663304737,2704.5677663304737,2704.5677663304737,2704.5677663304737,2704.5677663304737,1,0.0,0,0,0,10,0,0
stage1,177,218.50996492779205,2704.5677663304737,2704.5677663304737,2704.5677663304737,2704.5677663304737,2704.5677663304737,1,0.0,2,0,0,4,0,0
stage1,178,218.5077798281428,2704.5677663304737,2704.5677663304737,2704.5677663304737,2704.5677663304737,2704.5677663304737,1,0.0,0,0,0,10,0,0
stage1,179,218.50559475034453,2704.5677663304737,2704.5677663304737,2704.5677663304737,2704.5677663304737,2704.5677663304737,1,0.0,2,0,0,12,0,0
stage1,180,218.50340969439702,2704.5677663304737,2704.5677663304737,2704.5677663304737,2704.5677663304737,2704.5677663304737,1,0.0,0,0,0,10,0,0
stage1,181,218.5012246603001,2704.5677663304737,2704.5677663304737,2704.5677663304737,2704.5677663304737,2704.5677663304737,1,0.0,2,0,0,5,0,0
stage1,182,218.4990396480535,2704.5677663304737,2704.5677663304737,2704.5677663304737,2704.5677663304737,2704.5677663304737,1,0.0,0,0,0,6,0,0
stage1,183,218.49685465765702,2704.5677663304737,2704.5677663304737,2704.5677663304737,2704.5677663304737,2704.5677663304737,1,0.0,2,0,0,9,0,0
stage1,184,218.49466968911045,2704.5677663304737,2704.5677663304737,2704.5677663304737,2704.5677663304737,2704.5677663304737,1,0.0,0,0,0,6,0,0
stage1,185,218.49248474241358,2704.5677663304737,2704.5677663304737,2704.5677663304737,2704.5677663304737,2704.5677663304737,1,0.0,2,0,0,11,0,0
stage1,186,218.49029981756615,2704.5677663304737,2704.5677663304737,2704.5677663304737,2704.5677663304737,2704.5677663304737,1,0.0,0,0,0,5,0,0
stage1,187,218.488114914568,2704.5677663304737,2704.5677663304737,2704.5677663304737,2704.5677663304737,2704.5677663304737,1,0.0,2,0,0,7,0,0
stage1,188,218.48593003341887,2704.5677663304737,2704.5677663304737,2704.5677663304737,2704.5677663304737,2704.5677663304737,1,0.0,0,0,0,4,0,0
stage1,189,218.48374517411855,2704.5677663304737,2704.5677663304737,2704.5677663304737,2704.5677663304737,2704.5677663304737,1,0.0,0,0,0,4,0,0
stage1,190,218.48156033666683,2704.5677663304737,2704.5677663304737,2704.5677663304737,2704.5677663304737,2704.5677663304737,1,0.0,2,0,0,8,0,0
stage1,191,218.47937552106347,2704.5677663304737,2704.5677663304737,2704.5677663304737,2704.5677663304737,2704.5677663304737,1,0.0,2,0,0,5,0,0
stage1,192,218.47719072730828,2704.5677663304737,2704.5677663304737,2704.5677663304737,2704.5677663304737,2704.5677663304737,1,0.0,0,0,0,10,0,0
stage1,193,218.47500595540103,2704.5677663304737,2704.5677663304737,2704.5677663304737,2704.5677663304737,2704.5677663304737,1,0.0,2,0,0,10,0,0
stage1,194,218.4728212053415,2704.5677663304737,2704.5677663304737,2704.5677663304737,2704.5677663304737,2704.5677663304737,1,0.0,0,0,0,11,0,0
stage1,195,218.47063647712943,2704.5677663304737,2704.5677663304737,2704.5677663304737,2704.5677663304737,2704.5677663304737,1,0.0,2,0,0,5,0,0
stage1,196,218.46845177076466,2704.5677663304737,2704.5677663304737,2704.5677663304737,2704.5677663304737,2704.5677663304737,1,0.0,0,0,0,7,0,0
stage1,197,218.46626708624697,2704.5677663304737,2704.5677663304737,2704.5677663304737,2704.5677663304737,2704.5677663304737,1,0.0,2,0,0,7,0,0
stage1,198,218.46408242357612,2704.5677663304737,2704.5677663304737,2704.5677663304737,2704.5677663304737,2704.5677663304737,1,0.0,0,0,0,10,0,0
stage1,199,218.4618977827519,2704.5677663304737,2704.5677663304737,2704.5677663304737,2704.5677663304737,2704.5677663304737,1,0.0,2,0,0,10,0,0
stage1,200,218.45971316377407,2704.5677663304737,2704.5677663304737,2704.5677663304737,2704.5677663304737,2704.5677663304737,1,0.0,0,0,0,12,0,0
stage1,1,190.3470998944893,42638.77111239255,402638.77111239254,42638.77111239255,2638.77111239255,2638.77111239255,0,-1.6886040127707596,0,0,0,5,4,0
stage1,2,190.34519642349036,42638.77111239255,402638.77111239254,42638.77111239255,2638.77111239255,2638.77111239255,0,-1.6886040127707596,1,0,1,6,4,0
stage1,3,190.34329297152613,42638.77111239255,402638.77111239254,42638.77111239255,2638.77111239255,2638.77111239255,0,-1.6886040127707596,2,0,0,12,4,0
stage1,4,190.34138953859642,42638.77111239255,402638.77111239254,42638.77111239255,2638.77111239255,2638.77111239255,0,-1.6886040127707596,0,0,1,9,4,0
stage1,5,190.33948612470104,42638.77111239255,402638.77111239254,42638.77111239255,2638.77111239255,2638.77111239255,0,-1.6886040127707596,1,0,0,9,4,0
stage1,6,190.3375827298398,42638.77111239255,402638.77111239254,42638.77111239255,2638.77111239255,2638.77111239255,0,-1.6886040127707596,2,0,1,8,4,0
stage1,7,190.3356793540125,42638.77111239255,402638.77111239254,42638.77111239255,2638.77111239255,2638.77111239255,0,-1.6886040127707596,0,0,0,10,4,0
stage1,8,190.333775997219,42638.77111239255,402638.77111239254,42638.77111239255,2638.77111239255,2638.77111239255,0,-1.6886040127707596,1,0,1,6,4,0
stage1,9,190.33187265945904,42638.77111239255,402638.77111239254,42638.77111239255,2638.77111239255,2638.77111239255,0,-1.6886040127707596,2,0,0,7,4,0
stage1,10,190.32996934073245,42638.77111239255,402638.77111239254,42638.77111239255,2638.77111239255,2638.77111239255,0,-1.6886040127707596,0,0,1,11,4,0
stage1,11,190.32806604103905,42638.77111239255,402638.77111239254,42638.77111239255,2638.77111239255,2638.77111239255,0,-1.6886040127707596,1,0,0,12,4,0
stage1,12,190.32616276037865,42638.77111239255,402638.77111239254,42638.77111239255,2638.77111239255,2638.77111239255,0,-1.6886040127707596,2,0,1,10,4,0
stage1,13,190.32425949875105,42638.77111239255,402638.77111239254,42638.77111239255,2638.77111239255,2638.77111239255,0,-1.6886040127707596,0,0,0,9,4,0
stage1,14,190.32235625615607,42638.77111239255,902444.9559718762,42638.77111239255,2638.77111239255,2638.77111239255,0,-3.986280931230764,1,0,1,11,4,1
stage1,15,190.32045303259352,42638.77111239255,402638.77111239254,42638.77111239255,2638.77111239255,2638.77111239255,0,-1.6886040127707596,2,0,0,5,4,0
stage1,16,190.3185498280632,42638.77111239255,402638.77111239254,42638.77111239255,2638.77111239255,2638.77111239255,0,-1.6886040127707596,0,0,0,5,4,0
stage1,17,190.31664664256493,42638.77111239255,402638.77111239254,42638.77111239255,2638.77111239255,2638.77111239255,0,-1.6886040127707596,2,0,0,11,4,0
stage1,18,190.31474347609853,42638.77111239255,402638.77111239254,42638.77111239255,2638.77111239255,2638.77111239255,0,-1.6886040127707596,0,0,0,9,4,0
stage1,19,190.31284032866378,42638.77111239255,402638.77111239254,42638.77111239255,2638.77111239255,2638.77111239255,0,-1.6886040127707596,2,0,0,10,4,0
stage1,20,190.3109372002605,42638.77111239255,402638.77111239254,42638.77111239255,2638.77111239255,2638.77111239255,0,-1.6886040127707596,0,0,0,4,4,0
stage1,21,190.3090340908885,42638.77111239255,402638.77111239254,42638.77111239255,2638.77111239255,2638.77111239255,0,-1.6886040127707596,2,0,0,8,4,0
stage1,22,190.3071310005476,42638.77111239255,402638.77111239254,42638.77111239255,2638.77111239255,2638.77111239255,0,-1.6886040127707596,0,0,0,8,4,0
stage1,23,190.3052279292376,42638.77111239255,402638.77111239254,42638.77111239255,2638.77111239255,2638.77111239255,0,-1.6886040127707596,2,0,0,8,4,0
stage1,24,190.3033248769583,42638.77111239255,402638.77111239254,42638.77111239255,2638.77111239255,2638.77111239255,0,-1.6886040127707596,0,0,0,12,4,0
stage1,25,190.30142184370953,42638.77111239255,402638.77111239254,42638.77111239255,2638.77111239255,2638.77111239255,0,-1.6886040127707596,2,0,0,6,4,0
stage1,26,190.2995188294911,42638.77111239255,402638.77111239254,42638.77111239255,2638.77111239255,2638.77111239255,0,-1.6886040127707596,0,0,0,10,4,0
stage1,27,190.2976158343028,42638.77111239255,402638.77111239254,42638.77111239255,2638.77111239255,2638.77111239255,0,-1.6886040127707596,2,0,0,12,4,0
stage1,28,190.29571285814447,42638.77111239255,402638.77111239254,42638.77111239255,2638.77111239255,2638.77111239255,0,-1.6886040127707596,0,0,0,12,4,0
stage1,29,190.2938099010159,42638.77111239255,402638.77111239254,42638.77111239255,2638.77111239255,2638.77111239255,0,-1.6886040127707596,2,0,0,10,4,0
stage1,30,190.2919069629169,42638.77111239255,402638.77111239254,42638.77111239255,2638.77111239255,2638.77111239255,0,-1.6886040127707596,0,0,0,5,4,0
stage1,31,190.2900040438473,42638.77111239255,402638.77111239254,42638.77111239255,2638.77111239255,2638.77111239255,0,-1.6886040127707596,2,0,0,5,4,0
stage1,32,190.28810114380687,42638.77111239255,402638.77111239254,42638.77111239255,2638.77111239255,2638.77111239255,0,-1.6886040127707596,0,0,0,6,4,0
stage1,33,190.28619826279544,42638.77111239255,402638.77111239254,42638.77111239255,2638.77111239255,2638.77111239255,0,-1.6886040127707596,2,0,0,6,4,0
stage1,34,190.28429540081282,42638.77111239255,402638.77111239254,42638.77111239255,2638.77111239255,2638.77111239255,0,-1.6886040127707596,0,0,0,12,4,0
stage1,35,190.28239255785883,42638.77111239255,402638.77111239254,42638.77111239255,2638.77111239255,2638.77111239255,0,-1.6886040127707596,2,0,0,8,4,0
stage1,36,190.28048973393325,42638.77111239255,402638.77111239254,42638.77111239255,2638.77111239255,2638.77111239255,0,-1.6886040127707596,0,0,0,10,4,0
stage1,37,190.27858692903592,42638.77111239255,402638.77111239254,42638.77111239255,2638.77111239255,2638.77111239255,0,-1.6886040127707596,1,0,0,8,4,0
stage1,38,190.27668414316665,42638.77111239255,402638.77111239254,42638.77111239255,2638.77111239255,2638.77111239255,0,-1.6886040127707596,2,0,0,8,4,0
stage1,39,190.27478137632522,42638.77111239255,402638.77111239254,42638.77111239255,2638.77111239255,2638.77111239255,0,-1.6886040127707596,0,0,0,7,4,0
stage1,40,190.27287862851148,42638.77111239255,402638.77111239254,42638.77111239255,2638.77111239255,2638.77111239255,0,-1.6886040127707596,2,0,0,8,4,0
stage1,41,190.27097589972522,42638.77111239255,402638.77111239254,42638.77111239255,2638.77111239255,2638.77111239255,0,-1.6886040127707596,0,0,0,9,4,0
stage1,42,190.26907318996624,42638.77111239255,402638.77111239254,42638.77111239255,2638.77111239255,2638.77111239255,0,-1.6886040127707596,2,0,0,6,4,0
stage1,43,190.26717049923434,42638.77111239255,402638.77111239254,42638.77111239255,2638.77111239255,2638.77111239255,0,-1.6886040127707596,0,0,0,8,4,0
stage1,44,190.26526782752936,42638.77111239255,402638.77111239254,42638.77111239255,2638.77111239255,2638.77111239255,0,-1.6886040127707596,2,0,0,10,4,0
stage1,45,190.2633651748511,42638.77111239255,402638.77111239254,42638.77111239255,2638.77111239255,2638.77111239255,0,-1.6886040127707596,0,0,0,9,4,0
stage1,46,190.26146254119934,42638.77111239255,402638.77111239254,42638.77111239255,2638.77111239255,2638.77111239255,0,-1.6886040127707596,2,0,0,11,4,0
stage1,47,190.25955992657393,42638.77111239255,402638.77111239254,42638.77111239255,2638.77111239255,2638.77111239255,0,-1.6886040127707596,0,0,0,4,4,0
stage1,48,190.25765733097467,42638.77111239255,402638.77111239254,42638.77111239255,2638.77111239255,2638.77111239255,0,-1.6886040127707596,2,0,0,6,4,0
stage1,49,190.25575475440135,42638.77111239255,402638.77111239254,42638.77111239255,2638.77111239255,2638.77111239255,0,-1.6886040127707596,0,0,0,10,4,0
stage1,50,190.2538521968538,42638.77111239255,402638.77111239254,42638.77111239255,2638.77111239255,2638.77111239255,0,-1.6886040127707596,2,0,0,4,4,0
stage1,51,190.25194965833185,42638.77111239255,402638.77111239254,42638.77111239255,2638.77111239255,2638.77111239255,0,-1.6886040127707596,0,0,0,12,4,0
stage1,52,190.25004713883527,42638.77111239255,402638.77111239254,42638.77111239255,2638.77111239255,2638.77111239255,0,-1.6886040127707596,2,0,0,7,4,0
stage1,53,190.2481446383639,42638.77111239255,402638.77111239254,42638.77111239255,2638.77111239255,2638.77111239255,0,-1.6886040127707596,0,0,0,5,4,0
stage1,54,190.24624215691753,42638.77111239255,402638.77111239254,42638.77111239255,2638.77111239255,2638.77111239255,0,-1.6886040127707596,2,0,0,12,4,0
stage1,55,190.24433969449598,42638.77111239255,402638.77111239254,42638.77111239255,2638.77111239255,2638.77111239255,0,-1.6886040127707596,0,0,0,12,4,0
stage1,56,190.24243725109903,42638.77111239255,402638.77111239254,42638.77111239255,2638.77111239255,2638.77111239255,0,-1.6886040127707596,2,0,0,9,4,0
stage1,57,190.24053482672653,42638.77111239255,402638.77111239254,42638.77111239255,2638.77111239255,2638.77111239255,0,-1.6886040127707596,0,0,0,9,4,0
stage1,58,190.23863242137827,42638.77111239255,402638.77111239254,42638.77111239255,2638.77111239255,2638.77111239255,0,-1.6886040127707596,2,0,0,5,4,0
stage1,59,190.23673003505405,42638.77111239255,402638.77111239254,42638.77111239255,2638.77111239255,2638.77111239255,0,-1.6886040127707596,0,0,0,11,4,0
stage1,60,190.2348276677537,42638.77111239255,402638.77111239254,42638.77111239255,2638.77111239255,2638.77111239255,0,-1.6886040127707596,2,0,1,9,4,0
stage1,61,190.23292531947703,42638.77111239255,402638.77111239254,42638.77111239255,2638.77111239255,2638.77111239255,0,-1.6886040127707596,0,0,0,8,4,0
stage1,62,190.23102299022383,42638.77111239255,402638.77111239254,42638.77111239255,2638.77111239255,2638.77111239255,0,-1.6886040127707596,2,0,0,5,4,0
stage1,63,190.22912067999394,42638.77111239255,402638.77111239254,42638.77111239255,2638.77111239255,2638.77111239255,0,-1.6886040127707596,0,0,0,4,4,0
stage1,64,190.22721838878715,42638.77111239255,402638.77111239254,42638.77111239255,2638.77111239255,2638.77111239255,0,-1.6886040127707596,2,0,0,11,4,0
stage1,65,190.22531611660327,42638.77111239255,402638.77111239254,42638.77111239255,2638.77111239255,2638.77111239255,0,-1.6886040127707596,0,0,0,8,4,0
stage1,66,190.22341386344212,42638.77111239255,402638.77111239254,42638.77111239255,2638.77111239255,2638.77111239255,0,-1.6886040127707596,2,0,0,5,4,0
stage1,67,190.2215116293035,42638.77111239255,402638.77111239254,42638.77111239255,2638.77111239255,2638.77111239255,0,-1.6886040127707596,0,0,0,10,4,0
stage1,68,190.21960941418723,42638.77111239255,402638.77111239254,42638.77111239255,2638.77111239255,2638.77111239255,0,-1.6886040127707596,2,0,0,4,4,0
stage1,69,190.2177072180931,42638.77111239255,402638.77111239254,42638.77111239255,2638.77111239255,2638.77111239255,0,-1.6886040127707596,0,0,0,6,4,0
stage1,70,190.21580504102093,42638.77111239255,402638.77111239254,42638.77111239255,2638.77111239255,2638.77111239255,0,-1.6886040127707596,2,0,0,10,4,0
stage1,71,190.21390288297053,42638.77111239255,402638.77111239254,42638.77111239255,2638.77111239255,2638.77111239255,0,-1.6886040127707596,0,0,0,9,4,0
stage1,72,190.2120007439417,42638.77111239255,402638.77111239254,42638.77111239255,2638.77111239255,2638.77111239255,0,-1.6886040127707596,2,0,0,6,4,0
stage1,73,190.21009862393427,42638.77111239255,402638.77111239254,42638.77111239255,2638.77111239255,2638.77111239255,0,-1.6886040127707596,0,0,0,12,4,0
stage1,74,190.20819652294804,42638.77111239255,402638.77111239254,42638.77111239255,2638.77111239255,2638.77111239255,0,-1.6886040127707596,2,0,0,8,4,0
stage1,75,190.20629444098282,42638.77111239255,402638.77111239254,42638.77111239255,2638.77111239255,2638.77111239255,0,-1.6886040127707596,0,0,0,12,4,0
stage1,76,190.20439237803842,42638.77111239255,402638.77111239254,42638.77111239255,2638.77111239255,2638.77111239255,0,-1.6886040127707596,2,0,0,12,4,0
stage1,77,190.20249033411466,42638.77111239255,402638.77111239254,42638.77111239255,2638.77111239255,2638.77111239255,0,-1.6886040127707596,0,0,0,11,4,0
stage1,78,190.20058830921133,42638.77111239255,402638.77111239254,42638.77111239255,2638.77111239255,2638.77111239255,0,-1.6886040127707596,2,0,0,8,4,0
stage1,79,190.19868630332823,42638.77111239255,402638.77111239254,42638.77111239255,2638.77111239255,2638.77111239255,0,-1.6886040127707596,0,0,0,12,4,0
stage1,80,190.1967843164652,42638.77111239255,402638.77111239254,42638.77111239255,2638.77111239255,2638.77111239255,0,-1.6886040127707596,2,0,0,7,4,0
stage1,81,190.19488234862203,42638.77111239255,402638.77111239254,42638.77111239255,2638.77111239255,2638.77111239255,0,-1.6886040127707596,0,0,0,5,4,0
stage1,82,190.19298039979856,42638.77111239255,402638.77111239254,42638.77111239255,2638.77111239255,2638.77111239255,0,-1.6886040127707596,2,0,0,9,4,0
stage1,83,190.19107846999458,42638.77111239255,402638.77111239254,42638.77111239255,2638.77111239255,2638.77111239255,0,-1.6886040127707596,0,0,0,7,4,0
stage1,84,190.1891765592099,42638.77111239255,402638.77111239254,42638.77111239255,2638.77111239255,2638.77111239255,0,-1.6886040127707596,2,0,0,7,4,0
stage1,85,190.1872746674443,42638.77111239255,402638.77111239254,42638.77111239255,2638.77111239255,2638.77111239255,0,-1.6886040127707596,0,0,0,6,4,0
stage1,86,190.18537279469766,42638.77111239255,402638.77111239254,42638.77111239255,2638.77111239255,2638.77111239255,0,-1.6886040127707596,2,0,0,5,4,0
stage1,87,190.18347094096973,42638.77111239255,402638.77111239254,42638.77111239255,2638.77111239255,2638.77111239255,0,-1.6886040127707596,2,0,0,4,4,0
stage1,88,190.18156910626033,42638.77111239255,402638.77111239254,42638.77111239255,2638.77111239255,2638.77111239255,0,-1.6886040127707596,0,0,0,5,4,0
stage1,89,190.17966729056928,42638.77111239255,402638.77111239254,42638.77111239255,2638.77111239255,2638.77111239255,0,-1.6886040127707596,0,0,0,10,4,0
stage1,90,190.17776549389637,42638.77111239255,402638.77111239254,42638.77111239255,2638.77111239255,2638.77111239255,0,-1.6886040127707596,2,0,0,6,4,0
stage1,91,190.17586371624145,42638.77111239255,402638.77111239254,42638.77111239255,2638.77111239255,2638.77111239255,0,-1.6886040127707596,0,0,0,4,4,0
stage1,92,190.1739619576043,42638.77111239255,402638.77111239254,42638.77111239255,2638.77111239255,2638.77111239255,0,-1.6886040127707596,2,0,0,9,4,0
stage1,93,190.17206021798472,42638.77111239255,402638.77111239254,42638.77111239255,2638.77111239255,2638.77111239255,0,-1.6886040127707596,0,0,0,12,4,0
stage1,94,190.17015849738254,42638.77111239255,402638.77111239254,42638.77111239255,2638.77111239255,2638.77111239255,0,-1.6886040127707596,2,0,0,7,4,0
stage1,95,190.1682567957976,42638.77111239255,402638.77111239254,42638.77111239255,2638.77111239255,2638.77111239255,0,-1.6886040127707596,0,0,0,9,4,0
stage1,96,190.16635511322963,42638.77111239255,402638.77111239254,42638.77111239255,2638.77111239255,2638.77111239255,0,-1.6886040127707596,2,0,0,9,4,0
stage1,97,190.1644534496785,42638.77111239255,402638.77111239254,42638.77111239255,2638.77111239255,2638.77111239255,0,-1.6886040127707596,0,0,0,5,4,0
stage1,98,190.162551805144,42638.77111239255,402638.77111239254,42638.77111239255,2638.77111239255,2638.77111239255,0,-1.6886040127707596,2,0,1,7,4,0
stage1,99,190.16065017962597,42638.77111239255,402638.77111239254,42638.77111239255,2638.77111239255,2638.77111239255,0,-1.6886040127707596,0,0,1,11,4,0
stage1,100,190.1587485731242,42638.77111239255,402638.77111239254,42638.77111239255,2638.77111239255,2638.77111239255,0,-1.6886040127707596,2,0,1,8,4,0
stage1,101,190.15684698563848,42638.77111239255,402638.77111239254,42638.77111239255,2638.77111239255,2638.77111239255,0,-1.6886040127707596,0,0,1,11,4,0
stage1,102,190.15494541716862,42638.77111239255,402638.77111239254,42638.77111239255,2638.77111239255,2638.77111239255,0,-1.6886040127707596,2,0,1,6,4,0
stage1,103,190.15304386771444,42638.77111239255,402638.77111239254,42638.77111239255,2638.77111239255,2638.77111239255,0,-1.6886040127707596,0,0,1,4,4,0
stage1,104,190.1511423372758,42638.77111239255,402638.77111239254,42638.77111239255,2638.77111239255,2638.77111239255,0,-1.6886040127707596,2,0,1,10,4,0
stage1,105,190.14924082585242,42638.77111239255,402638.77111239254,42638.77111239255,2638.77111239255,2638.77111239255,0,-1.6886040127707596,0,0,1,8,4,0
stage1,106,190.14733933344417,42638.77111239255,402640.1398754124,42638.77111239255,2638.77111239255,2638.77111239255,0,-1.6889735316515462,2,0,1,10,4,1
stage1,107,190.14543786005083,42638.77111239255,402638.77111239254,42638.77111239255,2638.77111239255,2638.77111239255,0,-1.6886040127707596,0,0,1,4,4,0
stage1,108,190.14353640567225,42638.77111239255,402638.77111239254,42638.77111239255,2638.77111239255,2638.77111239255,0,-1.6886040127707596,2,0,1,12,4,0
stage1,109,190.1416349703082,42638.77111239255,402638.77111239254,42638.77111239255,2638.77111239255,2638.77111239255,0,-1.6886040127707596,0,0,1,7,4,0
stage1,110,190.1397335539585,42638.77111239255,402638.77111239254,42638.77111239255,2638.77111239255,2638.77111239255,0,-1.6886040127707596,2,0,0,6,4,0
stage1,111,190.13783215662298,42638.77111239255,402638.77111239254,42638.77111239255,2638.77111239255,2638.77111239255,0,-1.6886040127707596,0,0,1,12,4,0
stage1,112,190.13593077830143,42638.77111239255,402638.77111239254,42638.77111239255,2638.77111239255,2638.77111239255,0,-1.6886040127707596,2,0,0,8,4,0
stage1,113,190.13402941899366,42638.77111239255,402638.77111239254,42638.77111239255,2638.77111239255,2638.77111239255,0,-1.6886040127707596,0,0,1,12,4,0
stage1,114,190.13212807869948,42638.77111239255,402638.77111239254,42638.77111239255,2638.77111239255,2638.77111239255,0,-1.6886040127707596,2,0,0,12,4,0
stage1,115,190.1302267574187,42638.77111239255,402638.77111239254,42638.77111239255,2638.77111239255,2638.77111239255,0,-1.6886040127707596,0,0,1,10,4,0
stage1,116,190.12832545515116,42638.77111239255,402640.1398754124,42638.77111239255,2638.77111239255,2638.77111239255,0,-1.6889735316515462,2,0,1,5,4,1
stage1,117,190.12642417189662,42638.77111239255,402638.77111239254,42638.77111239255,2638.77111239255,2638.77111239255,0,-1.6886040127707596,0,0,0,8,4,0
stage1,118,190.1245229076549,42638.77111239255,402638.77111239254,42638.77111239255,2638.77111239255,2638.77111239255,0,-1.6886040127707596,2,0,1,10,4,0
stage1,119,190.12262166242581,42638.77111239255,402638.77111239254,42638.77111239255,2638.77111239255,2638.77111239255,0,-1.6886040127707596,0,0,0,8,4,0
stage1,120,190.1207204362092,42638.77111239255,402640.9977180638,42638.77111239255,2638.77111239255,2638.77111239255,0,-1.6892051196268605,2,0,1,11,4,1
stage1,121,190.11881922900486,42638.77111239255,402638.77111239254,42638.77111239255,2638.77111239255,2638.77111239255,0,-1.6886040127707596,0,0,1,8,4,0
stage1,122,190.11691804081258,42638.77111239255,402638.77111239254,42638.77111239255,2638.77111239255,2638.77111239255,0,-1.6886040127707596,2,0,0,12,4,0
stage1,123,190.11501687163218,42638.77111239255,402638.77111239254,42638.77111239255,2638.77111239255,2638.77111239255,0,-1.6886040127707596,0,0,1,8,4,0
stage1,124,190.11311572146346,42638.77111239255,402640.1398754124,42638.77111239255,2638.77111239255,2638.77111239255,0,-1.6889735316515462,2,0,1,6,4,1
stage1,125,190.11121459030625,42638.77111239255,402638.77111239254,42638.77111239255,2638.77111239255,2638.77111239255,0,-1.6886040127707596,0,0,0,11,4,0
stage1,126,190.10931347816035,42638.77111239255,402638.77111239254,42638.77111239255,2638.77111239255,2638.77111239255,0,-1.6886040127707596,0,0,1,5,4,0
stage1,127,190.10741238502558,42638.77111239255,402638.77111239254,42638.77111239255,2638.77111239255,2638.77111239255,0,-1.6886040127707596,2,0,0,8,4,0
stage1,128,190.10551131090173,42638.77111239255,402639.62895504397,42638.77111239255,2638.77111239255,2638.77111239255,0,-1.6888356007460739,2,0,1,6,4,1
stage1,129,190.10361025578862,42638.77111239255,402639.62895504397,42638.77111239255,2638.77111239255,2638.77111239255,0,-1.6888356007460739,0,0,1,10,4,1
stage1,130,190.1017092196861,42638.77111239255,402638.77111239254,42638.77111239255,2638.77111239255,2638.77111239255,0,-1.6886040127707596,2,0,0,5,4,0
stage1,131,190.0998082025939,42638.77111239255,402638.77111239254,42638.77111239255,2638.77111239255,2638.77111239255,0,-1.6886040127707596,1,0,1,4,4,0
stage1,132,190.09790720451187,42638.77111239255,402638.77111239254,42638.77111239255,2638.77111239255,2638.77111239255,0,-1.6886040127707596,1,0,1,5,4,0
stage1,133,190.09600622543982,42638.77111239255,402638.77111239254,42638.77111239255,2638.77111239255,2638.77111239255,0,-1.6886040127707596,1,0,0,7,4,0
stage1,134,190.09410526537758,42638.77111239255,402638.77111239254,42638.77111239255,2638.77111239255,2638.77111239255,0,-1.6886040127707596,1,0,1,5,4,0
stage1,135,190.09220432432494,42638.77111239255,402638.77111239254,42638.77111239255,2638.77111239255,2638.77111239255,0,-1.6886040127707596,1,0,1,8,4,0
stage1,136,190.0903034022817,42638.77111239255,402638.77111239254,42638.77111239255,2638.77111239255,2638.77111239255,0,-1.6886040127707596,1,0,0,12,4,0
stage1,137,190.08840249924768,42638.77111239255,402638.77111239254,42638.77111239255,2638.77111239255,2638.77111239255,0,-1.6886040127707596,1,0,1,6,4,0
stage1,138,190.0865016152227,42638.77111239255,402638.77111239254,42638.77111239255,2638.77111239255,2638.77111239255,0,-1.6886040127707596,1,0,1,7,4,0
stage1,139,190.08460075020653,42638.77111239255,402638.77111239254,42638.77111239255,2638.77111239255,2638.77111239255,0,-1.6886040127707596,1,0,0,9,4,0
stage1,140,190.08269990419905,42638.77111239255,402638.77111239254,42638.77111239255,2638.77111239255,2638.77111239255,0,-1.6886040127707596,0,0,1,8,4,0
stage1,141,190.08079907720003,42638.77111239255,402638.77111239254,42638.77111239255,2638.77111239255,2638.77111239255,0,-1.6886040127707596,2,0,1,6,4,0
stage1,142,190.07889826920928,42638.77111239255,402638.77111239254,42638.77111239255,2638.77111239255,2638.77111239255,0,-1.6886040127707596,1,0,0,8,4,0
stage1,143,190.0769974802266,42638.77111239255,402638.77111239254,42638.77111239255,2638.77111239255,2638.77111239255,0,-1.6886040127707596,0,0,1,12,4,0
stage1,144,190.0750967102518,42638.77111239255,402638.77111239254,42638.77111239255,2638.77111239255,2638.77111239255,0,-1.6886040127707596,1,0,1,12,4,0
stage1,145,190.07319595928473,42638.77111239255,402638.77111239254,42638.77111239255,2638.77111239255,2638.77111239255,0,-1.6886040127707596,2,0,0,9,4,0
stage1,146,190.07129522732515,42638.77111239255,402638.77111239254,42638.77111239255,2638.77111239255,2638.77111239255,0,-1.6886040127707596,1,0,1,4,4,0
stage1,147,190.06939451437287,42638.77111239255,402638.77111239254,42638.77111239255,2638.77111239255,2638.77111239255,0,-1.6886040127707596,0,0,1,10,4,0
stage1,148,190.06749382042773,42638.77111239255,402638.77111239254,42638.77111239255,2638.77111239255,2638.77111239255,0,-1.6886040127707596,1,0,0,5,4,0
stage1,149,190.06559314548954,42638.77111239255,402640.1398754124,42638.77111239255,2638.77111239255,2638.77111239255,0,-1.6889735316515462,2,0,1,5,4,1
stage1,150,190.0636924895581,42638.77111239255,402638.77111239254,42638.77111239255,2638.77111239255,2638.77111239255,0,-1.6886040127707596,1,0,1,5,4,0
stage1,151,190.0617918526332,42638.77111239255,402638.77111239254,42638.77111239255,2638.77111239255,2638.77111239255,0,-1.6886040127707596,0,0,0,11,4,0
stage1,152,190.05989123471468,42638.77111239255,402638.77111239254,42638.77111239255,2638.77111239255,2638.77111239255,0,-1.6886040127707596,2,0,1,11,4,0
stage1,153,190.05799063580235,42638.77111239255,402638.77111239254,42638.77111239255,2638.77111239255,2638.77111239255,0,-1.6886040127707596,1,0,1,11,4,0
stage1,154,190.056090055896,42638.77111239255,402638.77111239254,42638.77111239255,2638.77111239255,2638.77111239255,0,-1.6886040127707596,0,0,1,8,4,0
stage1,155,190.05418949499546,42638.77111239255,402638.77111239254,42638.77111239255,2638.77111239255,2638.77111239255,0,-1.6886040127707596,1,0,0,9,4,0
stage1,156,190.05228895310051,42638.77111239255,402638.77111239254,42638.77111239255,2638.77111239255,2638.77111239255,0,-1.6886040127707596,2,0,1,10,4,0
stage1,157,190.050388430211,42638.77111239255,402638.77111239254,42638.77111239255,2638.77111239255,2638.77111239255,0,-1.6886040127707596,1,0,1,12,4,0
stage1,158,190.04848792632671,42638.77111239255,402638.77111239254,42638.77111239255,2638.77111239255,2638.77111239255,0,-1.6886040127707596,0,0,0,6,4,0
stage1,159,190.04658744144746,42638.77111239255,402638.77111239254,42638.77111239255,2638.77111239255,2638.77111239255,0,-1.6886040127707596,1,0,1,4,4,0
stage1,160,190.04468697557306,42638.77111239255,402638.77111239254,42638.77111239255,2638.77111239255,2638.77111239255,0,-1.6886040127707596,2,0,1,5,4,0
stage1,161,190.04278652870332,42638.77111239255,402638.77111239254,42638.77111239255,2638.77111239255,2638.77111239255,0,-1.6886040127707596,1,0,0,4,4,0
stage1,162,190.04088610083804,42638.77111239255,402638.77111239254,42638.77111239255,2638.77111239255,2638.77111239255,0,-1.6886040127707596,0,0,1,10,4,0
stage1,163,190.03898569197705,42638.77111239255,402638.77111239254,42638.77111239255,2638.77111239255,2638.77111239255,0,-1.6886040127707596,1,0,1,7,4,0
stage1,164,190.03708530212015,42638.77111239255,402640.1398754124,42638.77111239255,2638.77111239255,2638.77111239255,0,-1.6889735316515462,2,0,1,7,4,1
stage1,165,190.03518493126714,42638.77111239255,402638.77111239254,42638.77111239255,2638.77111239255,2638.77111239255,0,-1.6886040127707596,1,0,0,10,4,0
stage1,166,190.03328457941782,42638.77111239255,402638.77111239254,42638.77111239255,2638.77111239255,2638.77111239255,0,-1.6886040127707596,0,0,1,6,4,0
stage1,167,190.03138424657203,42638.77111239255,402638.77111239254,42638.77111239255,2638.77111239255,2638.77111239255,0,-1.6886040127707596,1,0,1,7,4,0
stage1,168,190.02948393272956,42638.77111239255,402638.77111239254,42638.77111239255,2638.77111239255,2638.77111239255,0,-1.6886040127707596,2,0,0,4,4,0
stage1,169,190.02758363789025,42638.77111239255,402638.77111239254,42638.77111239255,2638.77111239255,2638.77111239255,0,-1.6886040127707596,1,0,1,5,4,0
stage1,170,190.02568336205388,42638.77111239255,402638.77111239254,42638.77111239255,2638.77111239255,2638.77111239255,0,-1.6886040127707596,0,0,1,10,4,0
stage1,171,190.02378310522028,42638.77111239255,402638.77111239254,42638.77111239255,2638.77111239255,2638.77111239255,0,-1.6886040127707596,1,0,1,5,4,0
stage1,172,190.02188286738922,42638.77111239255,402638.77111239254,42638.77111239255,2638.77111239255,2638.77111239255,0,-1.6886040127707596,2,0,0,9,4,0
stage1,173,190.01998264856056,42638.77111239255,402638.77111239254,42638.77111239255,2638.77111239255,2638.77111239255,0,-1.6886040127707596,1,0,1,7,4,0
stage1,174,190.01808244873408,42638.77111239255,402638.77111239254,42638.77111239255,2638.77111239255,2638.77111239255,0,-1.6886040127707596,0,0,1,9,4,0
stage1,175,190.01618226790958,42638.77111239255,402638.77111239254,42638.77111239255,2638.77111239255,2638.77111239255,0,-1.6886040127707596,1,0,0,5,4,0
stage1,176,190.0142821060869,42638.77111239255,402638.77111239254,42638.77111239255,2638.77111239255,2638.77111239255,0,-1.6886040127707596,2,0,1,6,4,0
stage1,177,190.01238196326585,42638.77111239255,402638.77111239254,42638.77111239255,2638.77111239255,2638.77111239255,0,-1.6886040127707596,1,0,1,5,4,0
stage1,178,190.01048183944621,42638.77111239255,402638.77111239254,42638.77111239255,2638.77111239255,2638.77111239255,0,-1.6886040127707596,1,0,1,7,4,0
stage1,179,190.00858173462782,42638.77111239255,402638.77111239254,42638.77111239255,2638.77111239255,2638.77111239255,0,-1.6886040127707596,0,0,0,5,4,0
stage1,180,190.00668164881048,42638.77111239255,402638.77111239254,42638.77111239255,2638.77111239255,2638.77111239255,0,-1.6886040127707596,1,0,1,4,4,0
stage1,181,190.004781581994,42638.77111239255,402638.77111239254,42638.77111239255,2638.77111239255,2638.77111239255,0,-1.6886040127707596,2,0,1,10,4,0
stage1,182,190.0028815341782,42638.77111239255,402638.77111239254,42638.77111239255,2638.77111239255,2638.77111239255,0,-1.6886040127707596,1,0,0,7,4,0
stage1,183,190.00098150536286,42638.77111239255,402639.62895504397,42638.77111239255,2638.77111239255,2638.77111239255,0,-1.6888356007460739,0,0,1,6,4,1
stage1,184,189.9990814955478,42638.77111239255,402638.77111239254,42638.77111239255,2638.77111239255,2638.77111239255,0,-1.6886040127707596,1,0,1,4,4,0
stage1,185,189.99718150473288,42638.77111239255,402638.77111239254,42638.77111239255,2638.77111239255,2638.77111239255,0,-1.6886040127707596,2,0,1,11,4,0
stage1,186,189.99528153291783,42638.77111239255,402638.77111239254,42638.77111239255,2638.77111239255,2638.77111239255,0,-1.6886040127707596,1,0,0,8,4,0
stage1,187,189.99338158010252,42638.77111239255,402638.77111239254,42638.77111239255,2638.77111239255,2638.77111239255,0,-1.6886040127707596,0,0,1,5,4,0
stage1,188,189.99148164628673,42638.77111239255,402638.77111239254,42638.77111239255,2638.77111239255,2638.77111239255,0,-1.6886040127707596,1,0,1,6,4,0
stage1,189,189.98958173147028,42638.77111239255,402638.77111239254,42638.77111239255,2638.77111239255,2638.77111239255,0,-1.6886040127707596,2,0,1,6,4,0
stage1,190,189.98768183565298,42638.77111239255,402638.77111239254,42638.77111239255,2638.77111239255,2638.77111239255,0,-1.6886040127707596,1,0,0,6,4,0
stage1,191,189.98578195883462,42638.77111239255,402638.77111239254,42638.77111239255,2638.77111239255,2638.77111239255,0,-1.6886040127707596,1,0,1,6,4,0
stage1,192,189.98388210101504,42638.77111239255,402638.77111239254,42638.77111239255,2638.77111239255,2638.77111239255,0,-1.6886040127707596,0,0,1,6,4,0
stage1,193,189.98198226219404,42638.77111239255,402638.77111239254,42638.77111239255,2638.77111239255,2638.77111239255,0,-1.6886040127707596,1,0,0,7,4,0
stage1,194,189.9800824423714,42638.77111239255,402639.62895504397,42638.77111239255,2638.77111239255,2638.77111239255,0,-1.6888356007460739,2,0,1,12,4,1
stage1,195,189.978182641547,42638.77111239255,402638.77111239254,42638.77111239255,2638.77111239255,2638.77111239255,0,-1.6886040127707596,1,0,1,5,4,0
stage1,196,189.97628285972058,42638.77111239255,402638.77111239254,42638.77111239255,2638.77111239255,2638.77111239255,0,-1.6886040127707596,1,0,1,11,4,0
stage1,197,189.97438309689198,42638.77111239255,402638.77111239254,42638.77111239255,2638.77111239255,2638.77111239255,0,-1.6886040127707596,0,0,0,10,4,0
stage1,198,189.97248335306102,42638.77111239255,402638.77111239254,42638.77111239255,2638.77111239255,2638.77111239255,0,-1.6886040127707596,1,0,1,7,4,0
stage1,199,189.9705836282275,42638.77111239255,402638.77111239254,42638.77111239255,2638.77111239255,2638.77111239255,0,-1.6886040127707596,2,0,1,11,4,0
stage1,200,189.96868392239122,42638.77111239255,402638.77111239254,42638.77111239255,2638.77111239255,2638.77111239255,0,-1.6886040127707596,1,0,0,4,4,0
stage2,1,195.09332521165575,2704.5677663304737,2704.5677663304737,2704.5677663304737,2704.5677663304737,2704.5677663304737,1,0.0,0,0,0,11,0,0
stage2,2,194.8006852238383,2704.5677663304737,2704.5677663304737,2704.5677663304737,2704.5677663304737,2704.5677663304737,1,0.0,1,0,1,6,0,0
stage2,3,194.50848419600254,2704.5677663304737,2704.5677663304737,2704.5677663304737,2704.5677663304737,2704.5677663304737,1,0.0,2,0,0,7,0,0
stage2,4,194.21672146970855,2704.5677663304737,2704.5677663304737,2704.5677663304737,2704.5677663304737,2704.5677663304737,1,0.0,0,0,1,4,0,0
stage2,5,193.92539638750398,2704.5677663304737,2704.5677663304737,2704.5677663304737,2704.5677663304737,2704.5677663304737,1,0.0,1,0,0,8,0,0
stage2,6,193.63450829292273,2704.5677663304737,2704.5677663304737,2704.5677663304737,2704.5677663304737,2704.5677663304737,1,0.0,2,0,1,9,0,0
stage2,7,193.34405653048336,2704.5677663304737,2704.5677663304737,2704.5677663304737,2704.5677663304737,2704.5677663304737,1,0.0,0,0,0,6,0,0
stage2,8,193.05404044568763,2704.5677663304737,2704.5677663304737,2704.5677663304737,2704.5677663304737,2704.5677663304737,1,0.0,1,0,1,9,0,0
stage2,9,192.7644593850191,2704.5677663304737,2704.5677663304737,2704.5677663304737,2704.5677663304737,2704.5677663304737,1,0.0,2,0,0,8,0,0
stage2,10,192.4753126959416,2704.5677663304737,2704.5677663304737,2704.5677663304737,2704.5677663304737,2704.5677663304737,1,0.0,0,0,1,8,0,0
stage2,11,192.1865997268977,2704.5677663304737,2704.5677663304737,2704.5677663304737,2704.5677663304737,2704.5677663304737,1,0.0,1,0,0,11,0,0
stage2,12,191.89831982730735,2704.5677663304737,2704.5677663304737,2704.5677663304737,2704.5677663304737,2704.5677663304737,1,0.0,2,0,1,11,0,0
stage2,13,191.6104723475664,2704.5677663304737,2704.5677663304737,2704.5677663304737,2704.5677663304737,2704.5677663304737,1,0.0,1,0,0,12,0,0
stage2,14,191.32305663904506,2704.5677663304737,2705.936529350323,2704.5677663304737,2705.936529350323,2704.5677663304737,1,-0.0004554837683123393,2,0,1,5,0,1
stage2,15,191.0360720540865,2705.936529350323,2705.936529350323,2704.5677663304737,2705.936529350323,2704.5677663304737,1,0.0,0,0,0,4,0,0
stage2,16,190.7495179460054,2705.936529350323,2706.7943720017647,2704.5677663304737,2706.7943720017647,2704.5677663304737,1,-0.0002853202127704836,1,0,1,10,0,1
stage2,17,190.4633936690864,2706.7943720017647,2706.7943720017647,2704.5677663304737,2706.7943720017647,2704.5677663304737,1,0.0,0,0,0,12,0,0
stage2,18,190.17769857858278,2706.7943720017647,2706.7943720017647,2704.5677663304737,2706.7943720017647,2704.5677663304737,1,0.0,2,0,1,5,0,0
stage2,19,189.8924320307149,2706.7943720017647,2706.7943720017647,2704.5677663304737,2706.7943720017647,2704.5677663304737,1,0.0,1,0,0,6,0,0
stage2,20,189.60759338266882,2706.7943720017647,2706.7943720017647,2704.5677663304737,2706.7943720017647,2704.5677663304737,1,0.0,0,0,1,11,0,0
stage2,21,189.32318199259484,2706.7943720017647,2704.5677663304737,2704.5677663304737,2704.5677663304737,2704.5677663304737,1,0.0007403388764547949,2,0,0,10,0,0
stage2,22,189.03919721960597,2704.5677663304737,2704.5677663304737,2704.5677663304737,2704.5677663304737,2704.5677663304737,1,0.0,1,0,1,11,0,0
stage2,23,188.75563842377656,2704.5677663304737,2704.5677663304737,2704.5677663304737,2704.5677663304737,2704.5677663304737,1,0.0,0,0,0,8,0,0
stage2,24,188.47250496614092,2704.5677663304737,2704.5677663304737,2704.5677663304737,2704.5677663304737,2704.5677663304737,1,0.0,2,0,1,5,0,0
stage2,25,188.18979620869172,2704.5677663304737,2704.5677663304737,2704.5677663304737,2704.5677663304737,2704.5677663304737,1,0.0,1,0,0,9,0,0
stage2,26,187.90751151437868,2704.5677663304737,2704.5677663304737,2704.5677663304737,2704.5677663304737,2704.5677663304737,1,0.0,0,0,1,5,0,0
stage2,27,187.62565024710713,2704.5677663304737,2704.5677663304737,2704.5677663304737,2704.5677663304737,2704.5677663304737,1,0.0,2,0,0,10,0,0
stage2,28,187.34421177173647,2704.5677663304737,2704.5677663304737,2704.5677663304737,2704.5677663304737,2704.5677663304737,1,0.0,1,0,1,10,0,0
stage2,29,187.06319545407888,2704.5677663304737,2704.5677663304737,2704.5677663304737,2704.5677663304737,2704.5677663304737,1,0.0,0,0,0,12,0,0
stage2,30,186.78260066089777,2704.5677663304737,2704.5677663304737,2704.5677663304737,2704.5677663304737,2704.5677663304737,1,0.0,2,0,1,7,0,0
stage2,31,186.50242675990643,2704.5677663304737,2704.5677663304737,2704.5677663304737,2704.5677663304737,2704.5677663304737,1,0.0,1,0,0,12,0,0
stage2,32,186.22267311976657,2704.5677663304737,2704.5677663304737,2704.5677663304737,2704.5677663304737,2704.5677663304737,1,0.0,0,0,1,12,0,0
stage2,33,185.94333911008692,2704.5677663304737,2704.5677663304737,2704.5677663304737,2704.5677663304737,2704.5677663304737,1,0.0,2,0,0,8,0,0
stage2,34,185.66442410142182,2704.5677663304737,2704.5677663304737,2704.5677663304737,2704.5677663304737,2704.5677663304737,1,0.0,1,0,1,11,0,0
stage2,35,185.3859274652697,2704.5677663304737,2704.5677663304737,2704.5677663304737,2704.5677663304737,2704.5677663304737,1,0.0,0,0,0,11,0,0
stage2,36,185.1078485740718,2704.5677663304737,2704.5677663304737,2704.5677663304737,2704.5677663304737,2704.5677663304737,1,0.0,2,0,1,12,0,0
stage2,37,184.8301868012107,2704.5677663304737,2704.5677663304737,2704.5677663304737,2704.5677663304737,2704.5677663304737,1,0.0,1,0,0,5,0,0
stage2,38,184.55294152100888,2704.5677663304737,2704.5677663304737,2704.5677663304737,2704.5677663304737,2704.5677663304737,1,0.0,0,0,1,10,0,0
stage2,39,184.27611210872738,2704.5677663304737,2704.5677663304737,2704.5677663304737,2704.5677663304737,2704.5677663304737,1,0.0,2,0,0,7,0,0
stage2,40,183.9996979405643,2704.5677663304737,2704.5677663304737,2704.5677663304737,2704.5677663304737,2704.5677663304737,1,0.0,1,0,0,6,0,0
stage2,41,183.72369839365345,2704.5677663304737,2704.5677663304737,2704.5677663304737,2704.5677663304737,2704.5677663304737,1,0.0,0,0,1,9,0,0
stage2,42,183.44811284606297,2704.5677663304737,2704.5677663304737,2704.5677663304737,2704.5677663304737,2704.5677663304737,1,0.0,2,0,1,11,0,0
stage2,43,183.17294067679387,2704.5677663304737,2704.5677663304737,2704.5677663304737,2704.5677663304737,2704.5677663304737,1,0.0,1,0,0,12,0,0
stage2,44,182.8981812657787,2704.5677663304737,2704.5677663304737,2704.5677663304737,2704.5677663304737,2704.5677663304737,1,0.0,0,0,1,4,0,0
stage2,45,182.62383399388006,2704.5677663304737,2704.5677663304737,2704.5677663304737,2704.5677663304737,2704.5677663304737,1,0.0,2,0,0,4,0,0
stage2,46,182.34989824288925,2704.5677663304737,2704.5677663304737,2704.5677663304737,2704.5677663304737,2704.5677663304737,1,0.0,1,0,1,4,0,0
stage2,47,182.07637339552494,2704.5677663304737,2704.5677663304737,2704.5677663304737,2704.5677663304737,2704.5677663304737,1,0.0,0,0,0,4,0,0
stage2,48,181.80325883543165,2704.5677663304737,2704.5677663304737,2704.5677663304737,2704.5677663304737,2704.5677663304737,1,0.0,2,0,1,5,0,0
stage2,49,181.5305539471785,2704.5677663304737,2704.5677663304737,2704.5677663304737,2704.5677663304737,2704.5677663304737,1,0.0,1,0,0,9,0,0
stage2,50,181.25825811625774,2704.5677663304737,2704.5677663304737,2704.5677663304737,2704.5677663304737,2704.5677663304737,1,0.0,0,0,1,9,0,0
stage2,51,180.98637072908335,2704.5677663304737,2704.5677663304737,2704.5677663304737,2704.5677663304737,2704.5677663304737,1,0.0,2,0,0,4,0,0
stage2,52,180.71489117298972,2704.5677663304737,2704.5677663304737,2704.5677663304737,2704.5677663304737,2704.5677663304737,1,0.0,1,0,1,7,0,0
stage2,53,180.44381883623024,2704.5677663304737,2704.5677663304737,2704.5677663304737,2704.5677663304737,2704.5677663304737,1,0.0,0,0,0,10,0,0
stage2,54,180.1731531079759,2704.5677663304737,2705.936529350323,2704.5677663304737,2705.936529350323,2704.5677663304737,1,-0.0004554837683123393,2,0,1,8,0,0
stage2,55,179.90289337831396,2705.936529350323,2705.936529350323,2704.5677663304737,2705.936529350323,2704.5677663304737,1,0.0,1,0,0,10,0,0
stage2,56,179.6330390382465,2705.936529350323,2705.936529350323,2704.5677663304737,2705.936529350323,2704.5677663304737,1,0.0,0,0,1,4,0,0
stage2,57,179.36358947968913,2705.936529350323,2705.936529350323,2704.5677663304737,2705.936529350323,2704.5677663304737,1,0.0,0,0,0,9,0,0
stage2,58,179.0945440954696,2705.936529350323,2705.936529350323,2704.5677663304737,2705.936529350323,2704.5677663304737,1,0.0,2,0,1,12,0,0
stage2,59,178.82590227932639,2705.936529350323,2705.936529350323,2704.5677663304737,2705.936529350323,2704.5677663304737,1,0.0,1,0,0,12,0,0
stage2,60,178.5576634259074,2705.936529350323,2704.5677663304737,2704.5677663304737,2704.5677663304737,2704.5677663304737,1,0.00045525336773514716,2,0,1,6,0,0
stage2,61,178.28982693076856,2704.5677663304737,2704.5677663304737,2704.5677663304737,2704.5677663304737,2704.5677663304737,1,0.0,1,0,0,7,0,0
stage2,62,178.02239219037241,2704.5677663304737,2704.5677663304737,2704.5677663304737,2704.5677663304737,2704.5677663304737,1,0.0,0,0,1,7,0,0
stage2,63,177.75535860208686,2704.5677663304737,2704.5677663304737,2704.5677663304737,2704.5677663304737,2704.5677663304737,1,0.0,2,0,0,5,0,0
stage2,64,177.48872556418374,2704.5677663304737,2704.5677663304737,2704.5677663304737,2704.5677663304737,2704.5677663304737,1,0.0,1,0,1,7,0,0
stage2,65,177.22249247583747,2704.5677663304737,2704.5677663304737,2704.5677663304737,2704.5677663304737,2704.5677663304737,1,0.0,0,0,0,5,0,0
stage2,66,176.95665873712372,2704.5677663304737,2704.5677663304737,2704.5677663304737,2704.5677663304737,2704.5677663304737,1,0.0,2,0,1,6,0,0
stage2,67,176.69122374901804,2704.5677663304737,2704.5677663304737,2704.5677663304737,2704.5677663304737,2704.5677663304737,1,0.0,1,0,0,11,0,0
stage2,68,176.42618691339453,2704.5677663304737,2704.5677663304737,2704.5677663304737,2704.5677663304737,2704.5677663304737,1,0.0,0,0,1,9,0,0
stage2,69,176.16154763302444,2704.5677663304737,2704.5677663304737,2704.5677663304737,2704.5677663304737,2704.5677663304737,1,0.0,2,0,0,6,0,0
stage2,70,175.8973053115749,2704.5677663304737,2704.5677663304737,2704.5677663304737,2704.5677663304737,2704.5677663304737,1,0.0,1,0,1,9,0,0
stage2,71,175.63345935360755,2704.5677663304737,2704.5677663304737,2704.5677663304737,2704.5677663304737,2704.5677663304737,1,0.0,0,0,0,7,0,0
stage2,72,175.37000916457714,2704.5677663304737,2704.5677663304737,2704.5677663304737,2704.5677663304737,2704.5677663304737,1,0.0,2,0,1,12,0,0
stage2,73,175.1069541508303,2704.5677663304737,2704.5677663304737,2704.5677663304737,2704.5677663304737,2704.5677663304737,1,0.0,1,0,0,11,0,0
stage2,74,174.84429371960405,2704.5677663304737,2704.5677663304737,2704.5677663304737,2704.5677663304737,2704.5677663304737,1,0.0,0,0,0,10,0,0
stage2,75,174.58202727902466,2704.5677663304737,2704.5677663304737,2704.5677663304737,2704.5677663304737,2704.5677663304737,1,0.0,2,0,1,4,0,0
stage2,76,174.32015423810614,2704.5677663304737,2704.5677663304737,2704.5677663304737,2704.5677663304737,2704.5677663304737,1,0.0,1,0,1,11,0,0
stage2,77,174.058674006749,2704.5677663304737,2704.5677663304737,2704.5677663304737,2704.5677663304737,2704.5677663304737,1,0.0,0,0,0,6,0,0
stage2,78,173.79758599573887,2704.5677663304737,2704.5677663304737,2704.5677663304737,2704.5677663304737,2704.5677663304737,1,0.0,2,0,1,11,0,0
stage2,79,173.53688961674527,2704.5677663304737,2704.5677663304737,2704.5677663304737,2704.5677663304737,2704.5677663304737,1,0.0,1,0,0,5,0,0
stage2,80,173.27658428232016,2704.5677663304737,2705.936529350323,2704.5677663304737,2705.936529350323,2704.5677663304737,1,-0.0004554837683123393,2,0,1,9,0,0
stage2,81,173.0166694058967,2705.936529350323,2705.936529350323,2704.5677663304737,2705.936529350323,2704.5677663304737,1,0.0,0,0,0,7,0,0
stage2,82,172.75714440178785,2705.936529350323,2710.1619499358385,2704.5677663304737,2710.1619499358385,2704.5677663304737,1,-0.0014053834913404658,1,0,1,10,0,1
stage2,83,172.49800868518517,2710.1619499358385,2710.1619499358385,2704.5677663304737,2710.1619499358385,2704.5677663304737,1,0.0,0,0,0,7,0,0
stage2,84,172.2392616721574,2710.1619499358385,2710.1619499358385,2704.5677663304737,2710.1619499358385,2704.5677663304737,1,0.0,2,0,1,9,0,0
stage2,85,171.98090277964917,2710.1619499358385,2710.1619499358385,2704.5677663304737,2710.1619499358385,2704.5677663304737,1,0.0,1,0,0,9,0,0
stage2,86,171.72293142547971,2710.1619499358385,2710.1619499358385,2704.5677663304737,2710.1619499358385,2704.5677663304737,1,0.0,0,0,1,8,0,0
stage2,87,171.4653470283415,2710.1619499358385,2704.5677663304737,2704.5677663304737,2704.5677663304737,2704.5677663304737,1,0.0018577359352814856,2,0,0,10,0,0
stage2,88,171.20814900779902,2704.5677663304737,2704.5677663304737,2704.5677663304737,2704.5677663304737,2704.5677663304737,1,0.0,1,0,1,10,0,0
stage2,89,170.95133678428732,2704.5677663304737,2704.5677663304737,2704.5677663304737,2704.5677663304737,2704.5677663304737,1,0.0,1,0,0,5,0,0
stage2,90,170.6949097791109,2704.5677663304737,2704.5677663304737,2704.5677663304737,2704.5677663304737,2704.5677663304737,1,0.0,0,0,1,6,0,0
stage2,91,170.43886741444226,2704.5677663304737,2704.5677663304737,2704.5677663304737,2704.5677663304737,2704.5677663304737,1,0.0,2,0,0,7,0,0
stage2,92,170.1832091133206,2704.5677663304737,2704.5677663304737,2704.5677663304737,2704.5677663304737,2704.5677663304737,1,0.0,0,0,1,10,0,0
stage2,93,169.92793429965062,2704.5677663304737,2704.5677663304737,2704.5677663304737,2704.5677663304737,2704.5677663304737,1,0.0,2,0,0,12,0,0
stage2,94,169.67304239820115,2704.5677663304737,2704.5677663304737,2704.5677663304737,2704.5677663304737,2704.5677663304737,1,0.0,1,0,1,8,0,0
stage2,95,169.41853283460387,2704.5677663304737,2704.5677663304737,2704.5677663304737,2704.5677663304737,2704.5677663304737,1,0.0,0,0,0,8,0,0
stage2,96,169.16440503535196,2704.5677663304737,2705.936529350323,2704.5677663304737,2705.936529350323,2704.5677663304737,1,-0.0004554837683123393,2,0,1,5,0,0
stage2,97,168.91065842779895,2705.936529350323,2705.936529350323,2704.5677663304737,2705.936529350323,2704.5677663304737,1,0.0,1,0,1,12,0,0
stage2,98,168.65729244015725,2705.936529350323,2705.936529350323,2704.5677663304737,2705.936529350323,2704.5677663304737,1,0.0,0,0,1,11,0,0
stage2,99,168.40430650149702,2705.936529350323,2704.5677663304737,2704.5677663304737,2704.5677663304737,2704.5677663304737,1,0.00045525336773514716,2,0,0,10,0,0
stage2,100,168.1517000417448,2704.5677663304737,2704.5677663304737,2704.5677663304737,2704.5677663304737,2704.5677663304737,1,0.0,1,0,0,10,0,0
stage2,101,167.8994724916822,2704.5677663304737,2704.5677663304737,2704.5677663304737,2704.5677663304737,2704.5677663304737,1,0.0,0,0,0,12,0,0
stage2,102,167.64762328294466,2704.5677663304737,2704.5677663304737,2704.5677663304737,2704.5677663304737,2704.5677663304737,1,0.0,2,0,1,12,0,0
stage2,103,167.39615184802025,2704.5677663304737,2704.5677663304737,2704.5677663304737,2704.5677663304737,2704.5677663304737,1,0.0,1,0,0,12,0,0
stage2,104,167.14505762024822,2704.5677663304737,2704.5677663304737,2704.5677663304737,2704.5677663304737,2704.5677663304737,1,0.0,0,0,1,4,0,0
stage2,105,166.89434003381785,2704.5677663304737,2704.5677663304737,2704.5677663304737,2704.5677663304737,2704.5677663304737,1,0.0,2,0,0,5,0,0
stage2,106,166.64399852376712,2704.5677663304737,2704.5677663304737,2704.5677663304737,2704.5677663304737,2704.5677663304737,1,0.0,1,0,1,6,0,0
stage2,107,166.3940325259815,2704.5677663304737,2704.5677663304737,2704.5677663304737,2704.5677663304737,2704.5677663304737,1,0.0,0,0,0,12,0,0
stage2,108,166.14444147719252,2704.5677663304737,2705.936529350323,2704.5677663304737,2705.936529350323,2704.5677663304737,1,-0.0004554837683123393,2,0,1,8,0,0
stage2,109,165.89522481497673,2705.936529350323,2705.936529350323,2704.5677663304737,2705.936529350323,2704.5677663304737,1,0.0,1,0,0,5,0,0
stage2,110,165.64638197775426,2705.936529350323,2705.936529350323,2704.5677663304737,2705.936529350323,2704.5677663304737,1,0.0,0,0,1,10,0,0
stage2,111,165.39791240478763,2705.936529350323,2704.5677663304737,2704.5677663304737,2704.5677663304737,2704.5677663304737,1,0.00045525336773514716,2,0,0,4,0,0
stage2,112,165.14981553618045,2704.5677663304737,2704.5677663304737,2704.5677663304737,2704.5677663304737,2704.5677663304737,1,0.0,1,0,1,4,0,0
stage2,113,164.9020908128762,2704.5677663304737,2704.5677663304737,2704.5677663304737,2704.5677663304737,2704.5677663304737,1,0.0,0,0,0,11,0,0
stage2,114,164.65473767665688,2704.5677663304737,2705.936529350323,2704.5677663304737,2705.936529350323,2704.5677663304737,1,-0.0004554837683123393,2,0,1,5,0,0
stage2,115,164.40775557014192,2705.936529350323,2705.936529350323,2704.5677663304737,2705.936529350323,2704.5677663304737,1,0.0,1,0,0,9,0,0
stage2,116,164.16114393678671,2705.936529350323,2705.936529350323,2704.5677663304737,2705.936529350323,2704.5677663304737,1,0.0,0,0,1,8,0,0
stage2,117,163.91490222088154,2705.936529350323,2704.5677663304737,2704.5677663304737,2704.5677663304737,2704.5677663304737,1,0.00045525336773514716,2,0,0,10,0,0
stage2,118,163.66902986755022,2704.5677663304737,2704.5677663304737,2704.5677663304737,2704.5677663304737,2704.5677663304737,1,0.0,1,0,1,11,0,0
stage2,119,163.4235263227489,2704.5677663304737,2704.5677663304737,2704.5677663304737,2704.5677663304737,2704.5677663304737,1,0.0,0,0,0,11,0,0
stage2,120,163.17839103326477,2704.5677663304737,2705.936529350323,2704.5677663304737,2705.936529350323,2704.5677663304737,1,-0.0004554837683123393,2,0,1,6,0,0
stage2,121,162.93362344671488,2705.936529350323,2705.936529350323,2704.5677663304737,2705.936529350323,2704.5677663304737,1,0.0,1,0,0,5,0,0
stage2,122,162.6892230115448,2705.936529350323,2706.7943720017647,2704.5677663304737,2706.7943720017647,2704.5677663304737,1,-0.0002853202127704836,0,0,1,12,0,0
stage2,123,162.44518917702752,2706.7943720017647,2705.4256089819155,2704.5677663304737,2705.4256089819155,2704.5677663304737,1,0.000455109087933144,2,0,0,10,0,1
stage2,124,162.20152139326197,2705.4256089819155,2705.4256089819155,2704.5677663304737,2705.4256089819155,2704.5677663304737,1,0.0,1,0,1,5,0,0
stage2,125,161.9582191111721,2705.4256089819155,2705.4256089819155,2704.5677663304737,2705.4256089819155,2704.5677663304737,1,0.0,0,0,0,11,0,0
stage2,126,161.71528178250534,2705.4256089819155,2706.7943720017647,2704.5677663304737,2706.7943720017647,2704.5677663304737,1,-0.0004553393424585288,2,0,1,8,0,0
stage2,127,161.47270885983158,2706.7943720017647,2706.7943720017647,2704.5677663304737,2706.7943720017647,2704.5677663304737,1,0.0,1,0,0,6,0,0
stage2,128,161.23049979654184,2706.7943720017647,2704.5677663304737,2704.5677663304737,2704.5677663304737,2704.5677663304737,1,0.0007403388764547949,2,0,1,8,0,0
stage2,129,160.98865404684702,2704.5677663304737,2704.5677663304737,2704.5677663304737,2704.5677663304737,2704.5677663304737,1,0.0,0,0,0,9,0,0
stage2,130,160.74717106577677,2704.5677663304737,2704.5677663304737,2704.5677663304737,2704.5677663304737,2704.5677663304737,1,0.0,1,0,1,5,0,0
stage2,131,160.5060503091781,2704.5677663304737,2704.5677663304737,2704.5677663304737,2704.5677663304737,2704.5677663304737,1,0.0,0,0,0,11,0,0
stage2,132,160.26529123371435,2704.5677663304737,2705.936529350323,2704.5677663304737,2705.936529350323,2704.5677663304737,1,-0.0004554837683123393,2,0,1,5,0,0
stage2,133,160.02489329686378,2705.936529350323,2705.936529350323,2704.5677663304737,2705.936529350323,2704.5677663304737,1,0.0,1,0,0,5,0,0
stage2,134,159.7848559569185,2705.936529350323,2704.5677663304737,2704.5677663304737,2704.5677663304737,2704.5677663304737,1,0.00045525336773514716,0,0,1,10,0,0
stage2,135,159.54517867298313,2704.5677663304737,2704.5677663304737,2704.5677663304737,2704.5677663304737,2704.5677663304737,1,0.0,2,0,0,12,0,0
stage2,136,159.30586090497366,2704.5677663304737,2704.5677663304737,2704.5677663304737,2704.5677663304737,2704.5677663304737,1,0.0,1,0,1,9,0,0
stage2,137,159.0669021136162,2704.5677663304737,2704.5677663304737,2704.5677663304737,2704.5677663304737,2704.5677663304737,1,0.0,0,0,0,9,0,0
stage2,138,158.82830176044578,2704.5677663304737,2704.5677663304737,2704.5677663304737,2704.5677663304737,2704.5677663304737,1,0.0,2,0,1,12,0,0
stage2,139,158.59005930780512,2704.5677663304737,2704.5677663304737,2704.5677663304737,2704.5677663304737,2704.5677663304737,1,0.0,1,0,0,9,0,0
stage2,140,158.35217421884343,2704.5677663304737,2704.5677663304737,2704.5677663304737,2704.5677663304737,2704.5677663304737,1,0.0,0,0,1,12,0,0
stage2,141,158.11464595751517,2704.5677663304737,2704.5677663304737,2704.5677663304737,2704.5677663304737,2704.5677663304737,1,0.0,2,0,0,5,0,0
stage2,142,157.8774739885789,2704.5677663304737,2705.936529350323,2704.5677663304737,2705.936529350323,2704.5677663304737,1,-0.0004554837683123393,1,0,1,5,0,0
stage2,143,157.64065777759606,2705.936529350323,2705.936529350323,2704.5677663304737,2705.936529350323,2704.5677663304737,1,0.0,0,0,0,10,0,0
stage2,144,157.4041967909297,2705.936529350323,2705.936529350323,2704.5677663304737,2705.936529350323,2704.5677663304737,1,0.0,2,0,1,10,0,0
stage2,145,157.16809049574331,2705.936529350323,2705.936529350323,2704.5677663304737,2705.936529350323,2704.5677663304737,1,0.0,1,0,0,11,0,0
stage2,146,156.9323383599997,2705.936529350323,2705.936529350323,2704.5677663304737,2705.936529350323,2704.5677663304737,1,0.0,0,0,1,4,0,0
stage2,147,156.6969398524597,2705.936529350323,2704.5677663304737,2704.5677663304737,2704.5677663304737,2704.5677663304737,1,0.00045525336773514716,2,0,0,9,0,0
stage2,148,156.46189444268103,2704.5677663304737,42638.77111239255,2704.5677663304737,2704.5677663304737,2704.5677663304737,0,-2.939837199325584,1,0,1,10,0,1
stage2,149,156.22720160101701,2704.5677663304737,2704.5677663304737,2704.5677663304737,2704.5677663304737,2704.5677663304737,1,0.0,0,0,0,8,0,0
stage2,150,155.9928607986155,2704.5677663304737,2705.936529350323,2704.5677663304737,2705.936529350323,2704.5677663304737,1,-0.0004554837683123393,2,0,1,10,0,0
stage2,151,155.7588715074176,2705.936529350323,2705.936529350323,2704.5677663304737,2705.936529350323,2704.5677663304737,1,0.0,0,0,0,11,0,0
stage2,152,155.5252332001565,2705.936529350323,2705.936529350323,2704.5677663304737,2705.936529350323,2704.5677663304737,1,0.0,2,0,1,9,0,0
stage2,153,155.29194535035626,2705.936529350323,2705.936529350323,2704.5677663304737,2705.936529350323,2704.5677663304737,1,0.0,0,0,0,6,0,0
stage2,154,155.05900743233073,2705.936529350323,2704.5677663304737,2704.5677663304737,2704.5677663304737,2704.5677663304737,1,0.00045525336773514716,2,0,0,4,0,0
stage2,155,154.82641892118224,2704.5677663304737,2704.5677663304737,2704.5677663304737,2704.5677663304737,2704.5677663304737,1,0.0,0,0,1,4,0,0
stage2,156,154.59417929280048,2704.5677663304737,2704.5677663304737,2704.5677663304737,2704.5677663304737,2704.5677663304737,1,0.0,2,0,0,6,0,0
stage2,157,154.36228802386128,2704.5677663304737,2704.5677663304737,2704.5677663304737,2704.5677663304737,2704.5677663304737,1,0.0,0,0,0,10,0,0
stage2,158,154.1307445918255,2704.5677663304737,2704.5677663304737,2704.5677663304737,2704.5677663304737,2704.5677663304737,1,0.0,2,0,0,7,0,0
stage2,159,153.89954847493777,2704.5677663304737,2704.5677663304737,2704.5677663304737,2704.5677663304737,2704.5677663304737,1,0.0,0,0,0,5,0,0
stage2,160,153.66869915222537,2704.5677663304737,2704.5677663304737,2704.5677663304737,2704.5677663304737,2704.5677663304737,1,0.0,2,0,0,9,0,0
stage2,161,153.43819610349703,2704.5677663304737,2704.5677663304737,2704.5677663304737,2704.5677663304737,2704.5677663304737,1,0.0,0,0,0,6,0,0
stage2,162,153.2080388093418,2704.5677663304737,2704.5677663304737,2704.5677663304737,2704.5677663304737,2704.5677663304737,1,0.0,2,0,0,11,0,0
stage2,163,152.97822675112778,2704.5677663304737,2704.5677663304737,2704.5677663304737,2704.5677663304737,2704.5677663304737,1,0.0,0,0,0,12,0,0
stage2,164,152.7487594110011,2704.5677663304737,2704.5677663304737,2704.5677663304737,2704.5677663304737,2704.5677663304737,1,0.0,2,0,0,4,0,0
stage2,165,152.5196362718846,2704.5677663304737,2704.5677663304737,2704.5677663304737,2704.5677663304737,2704.5677663304737,1,0.0,0,0,0,7,0,0
stage2,166,152.29085681747677,2704.5677663304737,2704.5677663304737,2704.5677663304737,2704.5677663304737,2704.5677663304737,1,0.0,2,0,0,6,0,0
stage2,167,152.06242053225057,2704.5677663304737,2704.5677663304737,2704.5677663304737,2704.5677663304737,2704.5677663304737,1,0.0,0,0,0,6,0,0
stage2,168,151.83432690145221,2704.5677663304737,2704.5677663304737,2704.5677663304737,2704.5677663304737,2704.5677663304737,1,0.0,2,0,0,11,0,0
stage2,169,151.60657541110004,2704.5677663304737,2704.5677663304737,2704.5677663304737,2704.5677663304737,2704.5677663304737,1,0.0,0,0,1,4,0,0
stage2,170,151.3791655479834,2704.5677663304737,2704.5677663304737,2704.5677663304737,2704.5677663304737,2704.5677663304737,1,0.0,2,0,0,6,0,0
stage2,171,151.15209679966145,2704.5677663304737,2704.5677663304737,2704.5677663304737,2704.5677663304737,2704.5677663304737,1,0.0,0,0,0,11,0,0
stage2,172,150.92536865446198,2704.5677663304737,2704.5677663304737,2704.5677663304737,2704.5677663304737,2704.5677663304737,1,0.0,2,0,0,9,0,0
stage2,173,150.6989806014803,2704.5677663304737,2704.5677663304737,2704.5677663304737,2704.5677663304737,2704.5677663304737,1,0.0,0,0,0,7,0,0
stage2,174,150.47293213057807,2704.5677663304737,2704.5677663304737,2704.5677663304737,2704.5677663304737,2704.5677663304737,1,0.0,2,0,0,11,0,0
stage2,175,150.24722273238223,2704.5677663304737,2704.5677663304737,2704.5677663304737,2704.5677663304737,2704.5677663304737,1,0.0,0,0,0,6,0,0
stage2,176,150.02185189828367,2704.5677663304737,2704.5677663304737,2704.5677663304737,2704.5677663304737,2704.5677663304737,1,0.0,2,0,0,4,0,0
stage2,177,149.79681912043625,2704.5677663304737,2704.5677663304737,2704.5677663304737,2704.5677663304737,2704.5677663304737,1,0.0,0,0,0,12,0,0
stage2,178,149.5721238917556,2704.5677663304737,2704.5677663304737,2704.5677663304737,2704.5677663304737,2704.5677663304737,1,0.0,2,0,0,5,0,0
stage2,179,149.347765705918,2704.5677663304737,2704.5677663304737,2704.5677663304737,2704.5677663304737,2704.5677663304737,1,0.0,0,0,1,8,0,0
stage2,180,149.12374405735912,2704.5677663304737,2704.5677663304737,2704.5677663304737,2704.5677663304737,2704.5677663304737,1,0.0,1,0,0,7,0,0
stage2,181,148.90005844127307,2704.5677663304737,2704.5677663304737,2704.5677663304737,2704.5677663304737,2704.5677663304737,1,0.0,2,0,0,10,0,0
stage2,182,148.67670835361116,2704.5677663304737,2704.5677663304737,2704.5677663304737,2704.5677663304737,2704.5677663304737,1,0.0,0,0,0,7,0,0
stage2,183,148.45369329108075,2704.5677663304737,2704.5677663304737,2704.5677663304737,2704.5677663304737,2704.5677663304737,1,0.0,2,0,0,4,0,0
stage2,184,148.23101275114414,2704.5677663304737,2704.5677663304737,2704.5677663304737,2704.5677663304737,2704.5677663304737,1,0.0,0,0,0,11,0,0
stage2,185,148.00866623201742,2704.5677663304737,2704.5677663304737,2704.5677663304737,2704.5677663304737,2704.5677663304737,1,0.0,2,0,0,12,0,0
stage2,186,147.7866532326694,2704.5677663304737,2704.5677663304737,2704.5677663304737,2704.5677663304737,2704.5677663304737,1,0.0,0,0,0,5,0,0
stage2,187,147.5649732528204,2704.5677663304737,2704.5677663304737,2704.5677663304737,2704.5677663304737,2704.5677663304737,1,0.0,2,0,0,7,0,0
stage2,188,147.3436257929412,2704.5677663304737,2704.5677663304737,2704.5677663304737,2704.5677663304737,2704.5677663304737,1,0.0,0,0,0,9,0,0
stage2,189,147.1226103542518,2704.5677663304737,2704.5677663304737,2704.5677663304737,2704.5677663304737,2704.5677663304737,1,0.0,2,0,0,9,0,0
stage2,190,146.90192643872044,2704.5677663304737,2704.5677663304737,2704.5677663304737,2704.5677663304737,2704.5677663304737,1,0.0,0,0,0,5,0,0
stage2,191,146.68157354906236,2704.5677663304737,2704.5677663304737,2704.5677663304737,2704.5677663304737,2704.5677663304737,1,0.0,2,0,0,7,0,0
stage2,192,146.46155118873878,2704.5677663304737,2704.5677663304737,2704.5677663304737,2704.5677663304737,2704.5677663304737,1,0.0,0,0,0,8,0,0
stage2,193,146.24185886195568,2704.5677663304737,2704.5677663304737,2704.5677663304737,2704.5677663304737,2704.5677663304737,1,0.0,2,0,0,4,0,0
stage2,194,146.02249607366275,2704.5677663304737,2704.5677663304737,2704.5677663304737,2704.5677663304737,2704.5677663304737,1,0.0,0,0,0,10,0,0
stage2,195,145.80346232955227,2704.5677663304737,2704.5677663304737,2704.5677663304737,2704.5677663304737,2704.5677663304737,1,0.0,2,0,0,8,0,0
stage2,196,145.58475713605796,2704.5677663304737,2704.5677663304737,2704.5677663304737,2704.5677663304737,2704.5677663304737,1,0.0,0,0,0,4,0,0
stage2,197,145.36638000035387,2704.5677663304737,2704.5677663304737,2704.5677663304737,2704.5677663304737,2704.5677663304737,1,0.0,2,0,0,11,0,0
stage2,198,145.14833043035335,2704.5677663304737,2704.5677663304737,2704.5677663304737,2704.5677663304737,2704.5677663304737,1,0.0,0,0,0,8,0,0
stage2,199,144.93060793470784,2704.5677663304737,2704.5677663304737,2704.5677663304737,2704.5677663304737,2704.5677663304737,1,0.0,2,0,0,6,0,0
stage2,200,144.71321202280578,2704.5677663304737,2704.5677663304737,2704.5677663304737,2704.5677663304737,2704.5677663304737,1,0.0,0,0,0,9,0,0
